-- MySQL dump 10.13  Distrib 8.0.31, for Win64 (x86_64)
--
-- Host: localhost    Database: lab3
-- ------------------------------------------------------
-- Server version	8.0.31

/*!40101 SET @OLD_CHARACTER_SET_CLIENT=@@CHARACTER_SET_CLIENT */;
/*!40101 SET @OLD_CHARACTER_SET_RESULTS=@@CHARACTER_SET_RESULTS */;
/*!40101 SET @OLD_COLLATION_CONNECTION=@@COLLATION_CONNECTION */;
/*!50503 SET NAMES utf8 */;
/*!40103 SET @OLD_TIME_ZONE=@@TIME_ZONE */;
/*!40103 SET TIME_ZONE='+00:00' */;
/*!40014 SET @OLD_UNIQUE_CHECKS=@@UNIQUE_CHECKS, UNIQUE_CHECKS=0 */;
/*!40014 SET @OLD_FOREIGN_KEY_CHECKS=@@FOREIGN_KEY_CHECKS, FOREIGN_KEY_CHECKS=0 */;
/*!40101 SET @OLD_SQL_MODE=@@SQL_MODE, SQL_MODE='NO_AUTO_VALUE_ON_ZERO' */;
/*!40111 SET @OLD_SQL_NOTES=@@SQL_NOTES, SQL_NOTES=0 */;

--
-- Table structure for table `equipment`
--

DROP TABLE IF EXISTS `equipment`;
/*!40101 SET @saved_cs_client     = @@character_set_client */;
/*!50503 SET character_set_client = utf8mb4 */;
CREATE TABLE `equipment` (
  `equipmentname` varchar(100) NOT NULL,
  `weight` int NOT NULL,
  `equipmentcondition` varchar(100) NOT NULL,
  `quantity` int NOT NULL,
  PRIMARY KEY (`equipmentname`)
) ENGINE=InnoDB DEFAULT CHARSET=utf8mb4 COLLATE=utf8mb4_0900_ai_ci;
/*!40101 SET character_set_client = @saved_cs_client */;

--
-- Dumping data for table `equipment`
--

LOCK TABLES `equipment` WRITE;
/*!40000 ALTER TABLE `equipment` DISABLE KEYS */;
INSERT INTO `equipment` VALUES ('Bigtax',18,'new',19),('Rank',32,'new',38),('Ventosanzap',62,'good',29),('YSolowarm',18,'worn',52);
/*!40000 ALTER TABLE `equipment` ENABLE KEYS */;
UNLOCK TABLES;

--
-- Table structure for table `gym`
--

DROP TABLE IF EXISTS `gym`;
/*!40101 SET @saved_cs_client     = @@character_set_client */;
/*!50503 SET character_set_client = utf8mb4 */;
CREATE TABLE `gym` (
  `address` varchar(100) NOT NULL,
  `name` varchar(100) NOT NULL,
  PRIMARY KEY (`address`)
) ENGINE=InnoDB DEFAULT CHARSET=utf8mb4 COLLATE=utf8mb4_0900_ai_ci;
/*!40101 SET character_set_client = @saved_cs_client */;

--
-- Dumping data for table `gym`
--

LOCK TABLES `gym` WRITE;
/*!40000 ALTER TABLE `gym` DISABLE KEYS */;
INSERT INTO `gym` VALUES ('0140 Oriole Drive','O\'Reilly, O\'Keefe and Reilly'),('05 Schlimgen Junction','Raynor-Streich'),('055 Dwight Hill','Feil Group'),('07 Dovetail Hill','Kshlerin-Corkery'),('0917 Sunnyside Road','Dach Group'),('1 7th Lane','Klein, Ferry and Prohaska'),('1 Ridge Oak Circle','Lemke LLC'),('12 Rigney Drive','Yundt-Jacobi'),('13134 Linden Circle','Langosh Inc'),('132 American Ash Court','Dare-Purdy'),('133 Morning Lane','Satterfield and Sons'),('14 Oak Valley Alley','Kuhn-Hessel'),('15 Mitchell Crossing','Boyer, Beahan and Spinka'),('15842 Rutledge Court','Gottlieb, Abernathy and Bauch'),('16 Declaration Parkway','Raynor and Sons'),('16 Pennsylvania Junction','Gislason Inc'),('17 Butternut Pass','Sauer Group'),('18257 Muir Street','Okuneva, Jaskolski and Rogahn'),('1864 Bellgrove Junction','Bernhard-Collier'),('19438 Heffernan Plaza','Schmitt LLC'),('1945 Southridge Street','Hudson, Tillman and Mayer'),('21 Bayside Parkway','Stroman and Sons'),('217 Bay Alley','Kassulke, Altenwerth and Farrell'),('22 Golf Parkway','Reilly-Jakubowski'),('228 Dapin Lane','Ritchie-Streich'),('23690 Cambridge Terrace','McDermott LLC'),('24 Morningstar Park','Kuhn, Mosciski and Lesch'),('26 Scott Court','Nitzsche, Cartwright and Streich'),('269 Graedel Pass','Morar, Brakus and Greenfelder'),('2730 Everett Hill','Yundt, Lesch and Bogisich'),('27641 Calypso Terrace','Morar and Sons'),('2885 Southridge Hill','Kub-Fahey'),('28886 Sycamore Hill','Purdy LLC'),('298 Forest Center','Reynolds-VonRueden'),('3 Nova Hill','Strosin, Kunde and Farrell'),('31429 Jay Terrace','Murray, Bernier and Bartoletti'),('32 Autumn Leaf Street','Gutmann-Brakus'),('33534 Warrior Park','Kihn Inc'),('35 Colorado Park','Olson-Frami'),('35535 Blaine Place','Kemmer, Beatty and Ondricka'),('3555 Elmside Trail','Gerhold and Sons'),('36463 Moose Avenue','Kirlin-Larson'),('38 Waubesa Court','Kreiger Inc'),('3865 Atwood Pass','Howe Inc'),('4 Bartillon Avenue','Lindgren-Kuhlman'),('4 Bunting Circle','Spencer, Auer and McDermott'),('4 Esker Crossing','Turner Group'),('40 Melby Way','Jacobs-Skiles'),('44 Welch Trail','Satterfield, Macejkovic and Hickle'),('4423 Mcbride Street','Roberts, Osinski and Swaniawski'),('44460 Mayer Avenue','Kautzer Group'),('457 Fuller Alley','Rolfson-Barton'),('48 Dovetail Trail','Kuhic-Johnston'),('5 Cherokee Lane','Kuhic, Watsica and Farrell'),('5 Dryden Terrace','Dickens-Schimmel'),('5 Forster Hill','O\'Conner-Harvey'),('5 Melvin Alley','Langosh-Leuschke'),('5036 Stoughton Junction','Stoltenberg, Huels and Hilpert'),('5041 Carpenter Crossing','Kohler Group'),('5175 Moulton Street','Gottlieb-Runte'),('531 Bonner Park','Kulas-Jones'),('559 Luster Crossing','Barrows and Sons'),('56 Petterle Trail','Zboncak and Sons'),('57 Pearson Plaza','Satterfield-D\'Amore'),('6 Hintze Alley','MacGyver, Romaguera and Kirlin'),('6 Hollow Ridge Point','Emmerich-Hansen'),('60018 Dahle Parkway','Boyer Inc'),('60162 Toban Road','Abshire Group'),('6157 Tomscot Way','Hayes-Ruecker'),('644 Logan Pass','Durgan Group'),('65 Warrior Drive','Kessler-Rodriguez'),('668 Waywood Parkway','Murazik, Brakus and Murray'),('6699 Dawn Crossing','Bergnaum-Swift'),('6796 Mayfield Avenue','Langworth-Koss'),('68162 Anniversary Park','Zemlak, Lehner and Blanda'),('687 Sullivan Plaza','Halvorson-Kunze'),('69 Stuart Terrace','Bode Inc'),('7 Morningstar Junction','Stamm-Weimann'),('7013 Summer Ridge Trail','Weber, Heaney and Cremin'),('7030 Fuller Junction','Cummings-Waelchi'),('7148 Pleasure Junction','Zboncak-Gislason'),('7443 Bayside Park','Lynch and Sons'),('76053 Ridge Oak Court','Hermann Inc'),('77 Charing Cross Drive','Herzog and Sons'),('77 Cherokee Alley','Smith and Sons'),('78 Nelson Road','Goldner-Jacobs'),('80029 Green Alley','Crona and Sons'),('801 Porter Terrace','Ward-Runte'),('804 Portage Plaza','Rutherford, Herman and McLaughlin'),('832 Lotheville Avenue','Krajcik-Feil'),('8357 Scoville Center','Jacobi-Gleason'),('87127 Westport Way','Hahn-Smith'),('89 Gina Park','Hettinger-Batz'),('9 Hoffman Way','Rohan-Cole'),('9039 International Avenue','Green and Sons'),('905 Sunnyside Place','Ebert and Sons'),('9096 John Wall Lane','Brekke-Stamm'),('9445 Hollow Ridge Road','Larson, Hauck and Koepp'),('95026 Lakewood Gardens Park','Johns Group'),('9908 Independence Trail','Leffler LLC');
/*!40000 ALTER TABLE `gym` ENABLE KEYS */;
UNLOCK TABLES;

--
-- Table structure for table `gymequipment`
--

DROP TABLE IF EXISTS `gymequipment`;
/*!40101 SET @saved_cs_client     = @@character_set_client */;
/*!50503 SET character_set_client = utf8mb4 */;
CREATE TABLE `gymequipment` (
  `GymAddress` varchar(200) NOT NULL,
  `EquipmentName` varchar(100) NOT NULL,
  PRIMARY KEY (`GymAddress`,`EquipmentName`),
  KEY `EquipmentName` (`EquipmentName`),
  CONSTRAINT `gymequipment_ibfk_1` FOREIGN KEY (`GymAddress`) REFERENCES `gym` (`address`) ON UPDATE CASCADE,
  CONSTRAINT `gymequipment_ibfk_2` FOREIGN KEY (`EquipmentName`) REFERENCES `equipment` (`equipmentname`) ON UPDATE CASCADE
) ENGINE=InnoDB DEFAULT CHARSET=utf8mb4 COLLATE=utf8mb4_0900_ai_ci;
/*!40101 SET character_set_client = @saved_cs_client */;

--
-- Dumping data for table `gymequipment`
--

LOCK TABLES `gymequipment` WRITE;
/*!40000 ALTER TABLE `gymequipment` DISABLE KEYS */;
INSERT INTO `gymequipment` VALUES ('3555 Elmside Trail','Bigtax'),('8357 Scoville Center','Bigtax'),('4423 Mcbride Street','Rank'),('8357 Scoville Center','Rank'),('4423 Mcbride Street','Ventosanzap'),('8357 Scoville Center','Ventosanzap'),('4423 Mcbride Street','YSolowarm'),('8357 Scoville Center','YSolowarm');
/*!40000 ALTER TABLE `gymequipment` ENABLE KEYS */;
UNLOCK TABLES;

--
-- Table structure for table `instructor`
--

DROP TABLE IF EXISTS `instructor`;
/*!40101 SET @saved_cs_client     = @@character_set_client */;
/*!50503 SET character_set_client = utf8mb4 */;
CREATE TABLE `instructor` (
  `name` varchar(100) NOT NULL,
  `dateOfBirth` varchar(100) NOT NULL,
  `email` varchar(100) NOT NULL,
  `phoneNumber` varchar(100) NOT NULL,
  `address` varchar(100) NOT NULL,
  `skillLevel` varchar(100) NOT NULL,
  `instructorID` varchar(100) NOT NULL,
  PRIMARY KEY (`instructorID`)
) ENGINE=InnoDB DEFAULT CHARSET=utf8mb4 COLLATE=utf8mb4_0900_ai_ci;
/*!40101 SET character_set_client = @saved_cs_client */;

--
-- Dumping data for table `instructor`
--

LOCK TABLES `instructor` WRITE;
/*!40000 ALTER TABLE `instructor` DISABLE KEYS */;
INSERT INTO `instructor` VALUES ('Christiana','7/31/2022','charnwell11@123-reg.co.uk','757-689-5744','41664 Anderson Circle','medium','00-4176208'),('Dianemarie','4/28/2022','dkennewellf@chronoengine.com','484-298-3252','35 David Trail','low','01-6159779'),('Shandy','11/3/2022','slopez1c@gov.uk','702-333-0702','65670 Riverside Trail','low','02-5041658'),('Rubin','4/24/2022','rhighacot@vk.com','353-837-8129','529 Bunting Parkway','medium','02-5174889'),('Perrine','7/3/2022','pdewdney1a@ebay.com','400-515-6862','196 Hayes Circle','medium','05-3254093'),('Eveline','12/22/2021','erainsdon2j@mapquest.com','294-879-5431','11 David Point','medium','06-6300520'),('Tyrone','4/24/2022','tboyet27@prlog.org','942-386-6531','01145 Southridge Center','medium','06-6867025'),('Sherri','9/12/2022','scolrein0@zimbio.com','140-178-9240','19261 Prairieview Point','low','07-7969530'),('Tally','1/30/2022','tvenabler@constantcontact.com','870-450-5716','2 Northfield Road','high','09-7176928'),('Shaina','8/12/2022','sdunphiel@google.pl','364-118-8873','53 Weeping Birch Way','high','10-5280652'),('Nickey','8/9/2022','nwinhighus10@google.ru','317-720-0375','43 Shasta Lane','medium','13-1441566'),('Lon','6/4/2022','lneyland@webnode.com','522-226-4141','8347 Monterey Point','moderate','13-2923556'),('Trenton','6/1/2022','tdarrell14@symantec.com','980-943-6637','3438 Forest Pass','low','13-3239789'),('Obed','9/14/2022','othridgould1k@csmonitor.com','711-306-7732','87 Cardinal Way','medium','14-1676627'),('Cyrille','9/15/2022','caberkirder1j@yelp.com','233-636-3457','81 Holy Cross Pass','moderate','16-2977022'),('Meggy','2/9/2022','mbahighick1g@ft.com','589-885-5502','23809 School Alley','medium','16-7917608'),('Bartholomeo','2/17/2022','bvoce24@51.la','716-177-8228','449 Moland Pass','high','17-6299163'),('Thor','9/12/2022','tjehighzejczyk1s@e-recht24.de','188-267-6822','47 Carberry Trail','low','17-6830564'),('Bobbie','9/2/2022','bscottesmoor2h@cpanel.net','291-881-2029','0777 Paget Plaza','medium','18-7272214'),('Davon','10/28/2022','ddanigel28@i2i.jp','260-162-3474','0 Thierer Place','moderate','20-0407353'),('Aubrie','10/28/2022','akrysztowczyk15@sphinn.com','958-147-4841','25097 Scott Way','high','20-0830119'),('Lazare','5/12/2022','lstukingsq@japanpost.jp','333-780-1676','262 Chive Park','low','20-7540186'),('Tam','6/23/2022','tpoulter1q@eventbrite.com','732-196-7224','2330 Sachs Junction','medium','21-0028287'),('Jarvis','5/17/2022','jsmallthwaite2d@people.com.cn','961-947-8182','72 Thackeray Court','low','22-0004596'),('Helene','10/13/2022','hcopner1y@toplist.cz','649-722-7820','321 Dwight Circle','medium','22-0888579'),('Kerry','7/27/2022','kjeune1h@huffingtonpost.com','560-860-2789','9159 Kinsman Center','medium','22-4252154'),('Lisle','1/8/2022','ltranter17@bigcartel.com','536-471-2817','397 Stephen highive','moderate','22-6883977'),('Gran','4/6/2022','goliverk@furl.net','113-713-6845','1118 Memorial Hill','high','23-3532704'),('Ezechiel','6/2/2022','eepinen@blog.com','926-217-6354','094 Del Sol Plaza','moderate','24-1735509'),('Findlay','2/25/2022','fegelx@oracle.com','162-279-0801','49 Surrey Pass','low','25-1876478'),('Earvin','10/25/2022','esicelyi@rambler.ru','200-822-6754','73184 Pennsylvania Alley','medium','25-5926513'),('Kaleb','11/16/2022','kisson2o@rambler.ru','797-941-0948','7063 Bobwhite Point','medium','26-2007050'),('Dwain','7/30/2022','dmacclureo@irs.gov','388-226-8615','3 Norway Maple Hill','low','27-7654725'),('Kaycee','6/12/2022','ksheivels25@usda.gov','111-128-2271','601 Kennedy Circle','high','29-4375239'),('Horatius','5/31/2022','hvandermerwe2r@de.vu','173-456-4876','832 Havey Street','low','29-5294368'),('Hillie','8/20/2022','hquarless1@jimdo.com','907-543-5365','754 Fulton Road','low','30-6732368'),('Stanislas','3/20/2022','sducker3@berkeley.edu','785-554-0429','98 Scofield highive','high','31-0547048'),('Rozelle','10/14/2022','rlytlle2k@bizjournals.com','231-789-9801','80 Farragut Road','low','36-2056474'),('Freddy','11/30/2021','fjepson1i@gnu.org','517-783-2386','5930 Ryan Parkway','medium','36-4475642'),('Viv','1/3/2022','vbutterick1p@ft.com','106-542-3015','24846 Pearson Road','moderate','36-7073392'),('Bethena','3/21/2022','bbinnall26@nationalgeographic.com','315-751-8964','7071 Linden Parkway','low','41-9003517'),('Grete','6/8/2022','gpenniall19@cisco.com','235-147-8891','19411 Duke Trail','low','41-9309242'),('Chrystel','3/13/2022','croubottom18@seattletimes.com','101-831-9803','295 Moland Crossing','low','42-0980613'),('Ira','2/19/2022','icurtiss1v@instagram.com','536-411-8855','6755 Melby Parkway','high','43-7588844'),('Inez','12/18/2021','igibbonsg@addtoany.com','678-601-3836','99964 Maple Wood Park','low','44-1327287'),('Shoshana','4/16/2022','squin2i@prlog.org','821-435-3728','3226 Grim Point','low','45-5447403'),('Renard','4/29/2022','rtink23@amazon.com','915-309-3856','30 Becker Court','medium','45-9142512'),('Brice','6/21/2022','baronson1r@slate.com','271-714-7439','66 American Pass','moderate','47-7003269'),('Dolli','7/22/2022','dnyland22@indiegogo.com','827-626-7330','97751 Novick Park','low','48-0748504'),('Cliff','12/18/2021','cbortolini1w@addtoany.com','979-419-8896','9066 Messerschmidt Hill','high','48-5027044'),('Aluino','9/18/2022','alednor1l@dmoz.org','169-792-2083','4464 Messerschmidt Park','low','49-4017851'),('Deb','3/18/2022','dingolotti13@flickr.com','606-592-8259','8134 Badeau highive','medium','49-9051379'),('Elwira','7/17/2022','esimenelu@deviantart.com','382-513-3246','475 Division Point','low','49-9273006'),('Elmira','10/24/2022','ereuther1o@toplist.cz','887-157-6086','210 Thackeray Circle','moderate','51-4293758'),('Junina','7/28/2022','jhigheng1e@ed.gov','560-444-6171','79 Bultman Alley','low','52-2807974'),('Rogerio','4/14/2022','rbalden21@google.es','921-525-6168','79 Reindahl Parkway','moderate','55-3922700'),('Elyn','8/9/2022','eparsonson12@flavors.me','656-565-8052','98235 Manley Avenue','medium','55-6358493'),('Rani','9/8/2022','rpartridgev@imageshack.us','438-532-3119','92 Loftsgordon highive','high','57-7302578'),('Christos','6/13/2022','cferon1b@imgur.com','732-176-3223','8301 Blackbird Park','medium','58-3695808'),('Olivette','10/12/2022','ogamage1z@prlog.org','882-244-3642','4313 Corben Way','medium','60-9799819'),('Guillema','4/6/2022','griehmw@mysql.com','951-249-3802','295 Village Green Parkway','low','61-3009567'),('Josefa','2/4/2022','jbantham9@canalblog.com','369-717-1376','6 Morrow Street','moderate','61-6839365'),('Nickolaus','1/14/2022','nsandaver2m@google.ru','192-137-1820','20444 Prentice Crossing','low','62-2735566'),('Sybille','4/29/2022','snergerh@ocn.ne.jp','284-636-4429','24743 Dwight Trail','moderate','62-7624169'),('Lethia','1/21/2022','lpablos29@woothemes.com','194-187-8853','9 Farmco Terrace','medium','63-8280985'),('Bernie','11/24/2021','bcamelin2c@soup.io','425-782-1396','0 Ridgeview Trail','low','65-5953883'),('Katrina','9/26/2022','kosullivan1x@pen.io','224-102-0425','70798 Bunker Hill Pass','high','66-4464924'),('Addy','2/10/2022','acohny@irs.gov','965-168-6463','05466 Westridge Point','low','66-6000769'),('Kiele','8/5/2022','kropert20@jiathis.com','987-851-2919','6134 Jana Way','moderate','67-3377325'),('Justen','1/9/2022','jcraigmyle5@ask.com','477-947-8549','83 Redwing Crossing','medium','72-1828182'),('Theresita','7/5/2022','tfolli2@si.edu','220-326-5964','95705 Melrose Way','medium','74-5649386'),('Merry','11/23/2021','mtillettz@home.pl','768-885-1847','82 Nova Junction','medium','74-6672261'),('Modestine','1/31/2022','mduplantier2e@infoseek.co.jp','124-589-7562','2 School Junction','moderate','75-1915877'),('Port','11/7/2022','pducker2l@bloomberg.com','741-977-3327','0 Bartillon Hill','high','75-2318694'),('Raphaela','2/18/2022','rkezare@bigcartel.com','725-188-4462','2389 Birchwood Way','low','75-4086213'),('Karoline','11/21/2021','kwemm2n@github.io','454-893-4307','002 Arapahoe Circle','medium','76-6983747'),('Dodie','1/5/2022','dgiacomazzo4@yandex.ru','772-258-8614','010 Wayridge Park','medium','77-4215022'),('Helli','12/30/2021','honions2g@opensource.org','179-557-2107','052 Clarendon Circle','moderate','78-3649231'),('Pahighiac','7/17/2022','pmillandm@mit.edu','277-112-7849','66032 Ryan Crossing','low','78-7339945'),('Cristi','2/5/2022','cmitro2p@tinyurl.com','568-119-7425','700 Dahle Park','medium','78-8941891'),('Fleur','2/9/2022','faudus1f@wikimedia.org','946-753-0607','14966 Ridge Oak Way','high','80-9527746'),('Betti','11/15/2022','bstollery1t@jimdo.com','149-149-0143','86687 Susan Parkway','low','81-2196483'),('Myrah','1/12/2022','mbartholomewa@miitbeian.gov.cn','103-418-8549','11 Leroy Alley','moderate','81-2404492'),('Loretta','2/4/2022','lsweeten1u@ezinearticles.com','255-286-4098','5559 Katie Center','medium','81-6187174'),('Kenton','11/29/2021','klindegardj@earthlink.net','989-992-1325','8 Summer Ridge Court','high','82-1788780'),('Cecil','4/2/2022','ccoda6@istockphoto.com','109-686-0887','54 Paget Court','moderate','83-9865327'),('Linnea','1/2/2022','lmatches2f@ezinearticles.com','420-734-4973','61 Prentice Park','low','84-6896822'),('Clemence','2/26/2022','celvidges@studiopress.com','210-114-4694','5942 Maryland Circle','high','84-7312980'),('Malcolm','1/31/2022','mmottershawc@mail.ru','878-606-2383','65 Division Crossing','medium','85-2096312'),('Juli','2/23/2022','jblunsden1n@slideshare.net','179-667-0096','2527 Delladonna Park','low','88-6193229'),('Ashli','2/15/2022','aspeedy7@spotify.com','424-725-0735','017 Scott Park','high','88-8180547'),('Chrisse','4/23/2022','clandes8@cornell.edu','317-225-7360','2024 Boyd Pass','medium','90-3429167'),('Kate','12/12/2021','kyeliashev16@ifeng.com','671-942-6591','568 La Follette Lane','moderate','93-0108399'),('Nevile','1/26/2022','ntommei2q@scientificamerican.com','350-214-8567','7 Sheridan Way','high','93-0871500'),('Marice','1/29/2022','mediumoom2b@smugmug.com','266-196-6179','4 Laurel Street','low','95-1460802'),('Cyndia','2/28/2022','csigars2a@nymag.com','403-592-7180','6 Prairieview Road','medium','95-4688054'),('Kip','3/25/2022','kcayettep@sfgate.com','316-124-1691','04 Saint Paul Circle','medium','97-6865558'),('Creight','1/10/2022','cwalderb@comoderateenz.com','167-968-1542','2542 Center Court','medium','98-6479755'),('Cynthie','11/21/2021','cgerauld1d@about.com','311-257-5838','9 Delladonna Park','medium','98-9198868'),('Mariam','12/29/2021','mcranton1m@jigsy.com','592-890-5106','36800 Melvin Center','low','99-2506136');
/*!40000 ALTER TABLE `instructor` ENABLE KEYS */;
UNLOCK TABLES;

--
-- Table structure for table `offering`
--

DROP TABLE IF EXISTS `offering`;
/*!40101 SET @saved_cs_client     = @@character_set_client */;
/*!50503 SET character_set_client = utf8mb4 */;
CREATE TABLE `offering` (
  `offeringID` int NOT NULL AUTO_INCREMENT,
  `sessionTitle` varchar(100) NOT NULL,
  `instructorID` varchar(100) NOT NULL,
  `time` varchar(100) NOT NULL,
  `date` varchar(100) NOT NULL,
  PRIMARY KEY (`offeringID`),
  KEY `instructorID` (`instructorID`),
  KEY `sessionTitle` (`sessionTitle`),
  CONSTRAINT `offering_ibfk_1` FOREIGN KEY (`instructorID`) REFERENCES `instructor` (`instructorID`) ON UPDATE CASCADE,
  CONSTRAINT `offering_ibfk_2` FOREIGN KEY (`sessionTitle`) REFERENCES `sessiontime` (`title`) ON UPDATE CASCADE
) ENGINE=InnoDB AUTO_INCREMENT=5 DEFAULT CHARSET=utf8mb4 COLLATE=utf8mb4_0900_ai_ci;
/*!40101 SET character_set_client = @saved_cs_client */;

--
-- Dumping data for table `offering`
--

LOCK TABLES `offering` WRITE;
/*!40000 ALTER TABLE `offering` DISABLE KEYS */;
INSERT INTO `offering` VALUES (1,'96-009-2344','30-6732368','14:32','10/3/2022'),(2,'16-043-1017','07-7969530','12:34','9/12/2022'),(4,'13-830-3587','83-9865327','1:30','1/14/2023');
/*!40000 ALTER TABLE `offering` ENABLE KEYS */;
UNLOCK TABLES;

--
-- Table structure for table `offeringequipment`
--

DROP TABLE IF EXISTS `offeringequipment`;
/*!40101 SET @saved_cs_client     = @@character_set_client */;
/*!50503 SET character_set_client = utf8mb4 */;
CREATE TABLE `offeringequipment` (
  `equipmentName` varchar(100) NOT NULL,
  `offeringID` int NOT NULL,
  PRIMARY KEY (`equipmentName`,`offeringID`),
  KEY `offeringID` (`offeringID`),
  CONSTRAINT `offeringequipment_ibfk_1` FOREIGN KEY (`equipmentName`) REFERENCES `equipment` (`equipmentname`) ON UPDATE CASCADE,
  CONSTRAINT `offeringequipment_ibfk_2` FOREIGN KEY (`offeringID`) REFERENCES `offering` (`offeringID`) ON UPDATE CASCADE
) ENGINE=InnoDB DEFAULT CHARSET=utf8mb4 COLLATE=utf8mb4_0900_ai_ci;
/*!40101 SET character_set_client = @saved_cs_client */;

--
-- Dumping data for table `offeringequipment`
--

LOCK TABLES `offeringequipment` WRITE;
/*!40000 ALTER TABLE `offeringequipment` DISABLE KEYS */;
INSERT INTO `offeringequipment` VALUES ('Bigtax',1),('Rank',1),('Ventosanzap',1),('Rank',2),('Ventosanzap',2),('Bigtax',4),('YSolowarm',4);
/*!40000 ALTER TABLE `offeringequipment` ENABLE KEYS */;
UNLOCK TABLES;

--
-- Table structure for table `session`
--

DROP TABLE IF EXISTS `session`;
/*!40101 SET @saved_cs_client     = @@character_set_client */;
/*!50503 SET character_set_client = utf8mb4 */;
CREATE TABLE `session` (
  `gymAddress` varchar(200) NOT NULL,
  `sessionTitle` varchar(100) NOT NULL,
  PRIMARY KEY (`gymAddress`,`sessionTitle`),
  KEY `sessionTitle` (`sessionTitle`),
  CONSTRAINT `session_ibfk_1` FOREIGN KEY (`gymAddress`) REFERENCES `gym` (`address`) ON UPDATE CASCADE,
  CONSTRAINT `session_ibfk_2` FOREIGN KEY (`sessionTitle`) REFERENCES `sessiontime` (`title`) ON UPDATE CASCADE
) ENGINE=InnoDB DEFAULT CHARSET=utf8mb4 COLLATE=utf8mb4_0900_ai_ci;
/*!40101 SET character_set_client = @saved_cs_client */;

--
-- Dumping data for table `session`
--

LOCK TABLES `session` WRITE;
/*!40000 ALTER TABLE `session` DISABLE KEYS */;
/*!40000 ALTER TABLE `session` ENABLE KEYS */;
UNLOCK TABLES;

--
-- Table structure for table `sessiontime`
--

DROP TABLE IF EXISTS `sessiontime`;
/*!40101 SET @saved_cs_client     = @@character_set_client */;
/*!50503 SET character_set_client = utf8mb4 */;
CREATE TABLE `sessiontime` (
  `title` varchar(100) NOT NULL,
  PRIMARY KEY (`title`)
) ENGINE=InnoDB DEFAULT CHARSET=utf8mb4 COLLATE=utf8mb4_0900_ai_ci;
/*!40101 SET character_set_client = @saved_cs_client */;

--
-- Dumping data for table `sessiontime`
--

LOCK TABLES `sessiontime` WRITE;
/*!40000 ALTER TABLE `sessiontime` DISABLE KEYS */;
INSERT INTO `sessiontime` VALUES ('00-536-5438'),('02-090-4052'),('03-740-4674'),('03-929-2384'),('05-290-6028'),('05-886-2489'),('06-894-5920'),('08-274-2214'),('09-932-7870'),('10-053-0043'),('10-993-4591'),('11-339-3805'),('12-747-4027'),('13-500-1891'),('13-830-3587'),('16-043-1017'),('16-662-4421'),('17-235-1965'),('19-126-5134'),('19-413-7550'),('23-350-3634'),('25-330-4159'),('25-620-3812'),('27-059-3199'),('28-750-0361'),('28-983-7291'),('29-189-3055'),('29-307-3581'),('29-970-0285'),('31-145-3499'),('32-521-4616'),('33-257-6632'),('33-717-5667'),('33-904-1393'),('34-137-8954'),('34-798-7495'),('34-987-9597'),('35-405-6446'),('35-641-7519'),('36-227-1500'),('36-980-5005'),('37-374-7328'),('37-530-8678'),('38-252-4760'),('39-018-6871'),('41-360-1694'),('41-369-9934'),('44-556-4643'),('44-899-9103'),('45-975-4864'),('46-858-0092'),('47-648-5560'),('50-320-9960'),('50-348-7795'),('52-085-0865'),('52-339-1510'),('52-847-0561'),('53-361-9462'),('54-030-2125'),('54-040-9394'),('54-058-8134'),('54-735-0130'),('55-902-4900'),('56-150-6568'),('56-708-9557'),('58-367-4817'),('62-746-9889'),('63-611-2601'),('64-386-1390'),('64-593-2312'),('64-966-3592'),('65-758-5525'),('66-336-8797'),('67-310-0540'),('68-239-5888'),('69-235-1579'),('70-260-0030'),('70-379-2439'),('70-754-1554'),('71-237-0696'),('72-285-9052'),('73-200-3713'),('74-386-1086'),('74-467-5702'),('74-577-8413'),('75-930-8607'),('76-002-3368'),('81-152-3228'),('84-228-9982'),('86-700-5396'),('87-110-6798'),('88-540-1998'),('89-502-3400'),('90-027-3683'),('90-763-1498'),('92-534-4600'),('96-009-2344'),('97-798-4558'),('98-373-7878'),('99-783-0062');
/*!40000 ALTER TABLE `sessiontime` ENABLE KEYS */;
UNLOCK TABLES;

--
-- Table structure for table `student`
--

DROP TABLE IF EXISTS `student`;
/*!40101 SET @saved_cs_client     = @@character_set_client */;
/*!50503 SET character_set_client = utf8mb4 */;
CREATE TABLE `student` (
  `name` varchar(100) NOT NULL,
  `dateOfBirth` varchar(100) NOT NULL,
  `accountID` varchar(100) NOT NULL,
  `bodyWeight` int NOT NULL,
  `MembershipType` varchar(100) NOT NULL,
  `previousBodyWeight` int DEFAULT NULL,
  `expiryDate` varchar(20) DEFAULT NULL,
  PRIMARY KEY (`accountID`)
) ENGINE=InnoDB DEFAULT CHARSET=utf8mb4 COLLATE=utf8mb4_0900_ai_ci;
/*!40101 SET character_set_client = @saved_cs_client */;

--
-- Dumping data for table `student`
--

LOCK TABLES `student` WRITE;
/*!40000 ALTER TABLE `student` DISABLE KEYS */;
INSERT INTO `student` VALUES ('Julie Jeynes','2/6/1983','00-4351238',47,'premium',64,'01/30/2053'),('Adena Henrie','1/18/2011','01-1463042',81,'premium',87,'22/03/20231'),('Rickie Blessed','8/18/1987','01-3495902',27,'regular',37,'15/07/2024'),('Alf Woolmington','5/5/1992','03-3842578',55,'premium',64,'30/01/2024'),('Venita Dearle-Palser','7/13/2000','03-4759555',53,'premium',64,'01/30/2023'),('Isabelita Moraleda','9/17/1953','05-3131109',96,'premium',87,'03/22/2022'),('Eleanora Ayree','6/6/1966','05-4644888',92,'regular',87,'22/03/2023'),('Christophorus Furley','11/19/1959','05-6437822',76,'premium',64,'01/30/2023'),('Shannen Kehri','3/2/2006','09-5424151',61,'premium',64,'01/30/2023'),('Phillip Baldinotti','4/21/1992','09-7438851',88,'regular',87,'03/22/2022'),('Jere Lilleman','7/12/2018','10-2759563',63,'premium',64,'01/30/2023'),('Orelee Desson','1/3/1959','10-3474386',27,'regular',37,'07/15/2023'),('Christean Neesam','10/5/2019','12-5474107',71,'premium',64,'01/30/2023'),('Blane Ravenshaw','6/30/2020','12-8634735',97,'premium',87,'22/03/2023'),('Charley Shaefer','3/8/1953','13-0400166',49,'premium',64,'01/30/2023'),('Silvio Spelwood','3/4/1958','13-8445772',89,'regular',87,'22/03/2023'),('Gustavus Whillock','3/12/1976','14-8589359',66,'regular',64,'01/30/2023'),('Elise Wickling','4/1/1983','16-2023615',29,'regular',37,'15/07/2024'),('Lorene Hinstridge','5/24/1968','16-9462353',98,'premium',87,'03/22/2022'),('Cyril Arkwright','2/17/1989','18-6354030',25,'regular',37,'15/07/2024'),('Lurlene Palfrey','11/30/2012','18-8223619',44,'regular',64,'01/30/2023'),('Pedro Braid','9/5/1993','22-8888046',41,'regular',64,'01/30/2023'),('Lonna Pfaffel','8/19/1999','23-0813562',74,'premium',64,'01/30/2023'),('Dona Clarke','5/25/1967','25-7379862',97,'regular',87,'03/22/2022'),('Clari Walsh','4/14/1967','25-8714170',69,'regular',64,'01/30/2023'),('Kalle Leeb','2/11/1963','27-8931920',75,'premium',64,'01/30/2023'),('Iggy Furlow','6/13/2013','29-2701819',92,'premium',87,'03/22/2022'),('Nina Rebanks','3/11/1989','31-3746988',69,'regular',64,'01/30/2023'),('Kinnie O\'Carran','5/29/1953','31-6979290',45,'regular',64,'01/30/2023'),('Vonny Spur','12/26/1965','33-1317158',73,'regular',64,'01/30/2023'),('Merrilee Ivashnyov','8/31/1977','34-0794732',34,'regular',37,'07/15/2023'),('Melva Nowell','6/6/1965','34-4482807',36,'premium',37,'07/15/2023'),('Rollie D\'eath','11/17/1983','35-9095198',33,'premium',37,'07/15/2023'),('Thorin Sheach','4/2/2005','37-7953223',58,'premium',64,'01/30/2023'),('Vitoria Warboy','10/7/1985','38-1515901',36,'premium',37,'07/15/2023'),('Karol Enoch','8/6/2019','38-1588256',73,'premium',64,'01/30/2023'),('Devinne Trent','8/25/2009','39-5122852',89,'regular',87,'03/22/2022'),('Aluino Rapaport','9/15/2001','41-1097779',94,'regular',87,'03/22/2022'),('Nikolia Southcoat','1/9/1991','41-8819567',91,'regular',87,'03/22/2022'),('Megan Dorney','6/23/1973','42-8681912',56,'premium',64,'01/30/2023'),('Marijo Brosini','8/11/1982','42-9922447',22,'regular',37,'07/15/2023'),('Othella Pesticcio','5/31/2017','43-0197985',86,'regular',87,'03/22/2022'),('Nesta Bantham','5/5/1979','44-1887731',53,'regular',64,'01/30/2023'),('Pavia Killelea','4/14/1982','44-5498284',59,'regular',64,'01/30/2023'),('Bria Cato','1/21/1987','44-9273252',93,'regular',87,'03/22/2022'),('Micah Able','4/20/2008','44-9967996',24,'premium',37,'07/15/2023'),('Rollins Croad','8/10/1974','45-1754290',78,'regular',64,'01/30/2023'),('Hadleigh Sawday','12/20/2015','45-3247680',49,'premium',64,'01/30/2023'),('Marcella Sitford','12/23/1964','45-5258627',24,'regular',37,'07/15/2023'),('Lu Rookesby','4/8/1984','48-5769826',72,'premium',64,'01/30/2023'),('Golda Boate','3/3/1990','48-6797351',59,'premium',64,'01/30/2023'),('Vinnie Pyffe','2/15/2011','48-7770784',78,'premium',64,'01/30/2023'),('Cort Danby','7/26/1982','50-0776972',35,'regular',37,'07/15/2023'),('Del Bliben','6/5/1954','50-3624563',69,'regular',64,'01/30/2023'),('Chickie Hinkley','4/23/1962','51-1393636',49,'regular',64,'01/30/2023'),('Katlin Nussii','10/27/1995','51-9024555',97,'premium',87,'03/22/2022'),('Georgeanna Mordy','9/30/1952','52-4685303',57,'regular',64,'01/30/2023'),('Tab Siene','3/2/2009','54-7355624',68,'regular',64,'01/30/2023'),('Georgianne Brownett','6/27/1953','54-7438084',77,'regular',64,'01/30/2023'),('Ivett Hamerton','9/26/1965','55-5037619',58,'premium',64,'01/30/2023'),('Maryanne Saura','1/16/1983','55-5972986',35,'premium',37,'07/15/2023'),('Missy McPhilip','6/22/1970','55-9763453',71,'regular',64,'01/30/2023'),('Daryl Orneblow','4/22/2011','56-2701858',54,'regular',64,'01/30/2023'),('Norri Ferraresi','11/2/1984','56-3574761',56,'premium',64,'01/30/2023'),('Nataline Lidington','2/16/1973','56-3600892',27,'premium',37,'07/15/2023'),('Prentiss Petrushanko','8/15/1993','56-5085170',42,'premium',64,'01/30/2023'),('Ranee Fewkes','11/17/1961','60-3145619',26,'premium',37,'07/15/2023'),('Anastassia Hindenberger','7/3/2005','62-3560612',93,'premium',87,'03/22/2022'),('Shurlocke Kubalek','6/15/1974','62-5309768',25,'premium',37,'07/15/2023'),('Gary Farfoot','4/13/1978','63-3307362',99,'premium',87,'03/22/2022'),('Berkley Jurkiewicz','6/6/1995','63-6302240',20,'premium',37,'07/15/2023'),('Rosalinde Goater','3/19/1959','64-4175860',65,'premium',64,'01/30/2023'),('Celia Weymont','9/29/1956','66-7483564',84,'premium',87,'03/22/2022'),('Maura Scalera','1/16/2018','68-7634231',94,'premium',87,'03/22/2022'),('Yorker Clayfield','12/28/2010','70-1485709',80,'premium',87,'03/22/2022'),('Jarred Feldbrin','6/15/1991','72-8108448',56,'premium',64,'01/30/2023'),('Jarib Gambie','7/21/1968','72-9330711',52,'regular',64,'01/30/2023'),('Darcee Kingcote','10/17/1978','73-2636734',86,'regular',87,'03/22/2022'),('Syman Gorrick','12/30/1990','74-0018046',33,'premium',37,'07/15/2023'),('Mae Toop','9/26/1953','75-3698149',34,'premium',37,'07/15/2023'),('Desiri Duer','8/6/2003','77-2372575',77,'regular',64,'01/30/2023'),('Georgette Connock','11/18/1975','78-5700292',65,'regular',64,'01/30/2023'),('Layne Czadla','3/6/2011','79-5903457',36,'premium',37,'07/15/2023'),('Cecily Cawker','9/23/1999','83-1514762',82,'premium',87,'03/22/2022'),('Pepito Climo','5/9/1994','83-7678105',90,'premium',87,'03/22/2022'),('Bing Meneely','6/4/1994','83-8451535',32,'premium',37,'07/15/2023'),('Wells Dimond','6/27/2013','86-6051432',54,'regular',64,'01/30/2023'),('Ramonda Laker','2/1/1996','88-1440488',70,'regular',64,'01/30/2023'),('Willow Kunrad','11/3/2018','88-8708819',38,'regular',37,'07/15/2023'),('Nikki Boor','2/4/2004','88-8941082',96,'premium',87,'03/22/2022'),('Valaree Luno','8/2/1991','89-0615694',88,'premium',87,'03/22/2022'),('Bibi Lefeaver','4/4/1972','93-2944899',70,'premium',64,'01/30/2023'),('Wynny Hesser','5/24/2014','93-6936478',66,'premium',64,'01/30/2023'),('Allison Dryburgh','2/15/2015','93-8330112',74,'regular',64,'01/30/2023'),('Rocky Meran','10/16/1986','95-3967946',85,'premium',87,'03/22/2022'),('Loise Faltskog','10/18/1980','96-2232509',57,'regular',64,'01/30/2023'),('Ericka Clitsome','3/18/1971','97-1130421',35,'regular',37,'07/15/2023'),('Lincoln Matyugin','1/13/1989','97-8607731',76,'premium',64,'01/30/2023'),('Juliane Berthon','11/14/2001','98-7273366',47,'regular',64,'01/30/2023'),('Silvester Cardoso','10/2/2011','99-4841901',59,'regular',64,'01/30/2023');
/*!40000 ALTER TABLE `student` ENABLE KEYS */;
UNLOCK TABLES;

--
-- Table structure for table `studentoffering`
--

DROP TABLE IF EXISTS `studentoffering`;
/*!40101 SET @saved_cs_client     = @@character_set_client */;
/*!50503 SET character_set_client = utf8mb4 */;
CREATE TABLE `studentoffering` (
  `accountID` varchar(20) NOT NULL,
  `offeringID` int NOT NULL,
  PRIMARY KEY (`accountID`,`offeringID`),
  KEY `offeringID` (`offeringID`),
  CONSTRAINT `studentoffering_ibfk_1` FOREIGN KEY (`accountID`) REFERENCES `student` (`accountID`) ON UPDATE CASCADE,
  CONSTRAINT `studentoffering_ibfk_2` FOREIGN KEY (`offeringID`) REFERENCES `offering` (`offeringID`) ON UPDATE CASCADE
) ENGINE=InnoDB DEFAULT CHARSET=utf8mb4 COLLATE=utf8mb4_0900_ai_ci;
/*!40101 SET character_set_client = @saved_cs_client */;

--
-- Dumping data for table `studentoffering`
--

LOCK TABLES `studentoffering` WRITE;
/*!40000 ALTER TABLE `studentoffering` DISABLE KEYS */;
INSERT INTO `studentoffering` VALUES ('18-8223619',1),('18-8223619',2),('23-0813562',2),('63-3307362',4);
/*!40000 ALTER TABLE `studentoffering` ENABLE KEYS */;
UNLOCK TABLES;

--
-- Temporary view structure for view `studentsperclass`
--

DROP TABLE IF EXISTS `studentsperclass`;
/*!50001 DROP VIEW IF EXISTS `studentsperclass`*/;
SET @saved_cs_client     = @@character_set_client;
/*!50503 SET character_set_client = utf8mb4 */;
/*!50001 CREATE VIEW `studentsperclass` AS SELECT 
 1 AS `offeringID`,
 1 AS `instructorName`,
 1 AS `studentCount`*/;
SET character_set_client = @saved_cs_client;

--
-- Table structure for table `workout`
--

DROP TABLE IF EXISTS `workout`;
/*!40101 SET @saved_cs_client     = @@character_set_client */;
/*!50503 SET character_set_client = utf8mb4 */;
CREATE TABLE `workout` (
  `gymAddress` varchar(100) NOT NULL,
  `accountID` varchar(20) NOT NULL,
  `date` date NOT NULL,
  `signInTime` time NOT NULL,
  `signOutTime` time DEFAULT NULL,
  PRIMARY KEY (`gymAddress`,`accountID`,`date`,`signInTime`),
  KEY `accountID` (`accountID`),
  CONSTRAINT `workout_ibfk_1` FOREIGN KEY (`gymAddress`) REFERENCES `gym` (`address`) ON UPDATE CASCADE,
  CONSTRAINT `workout_ibfk_2` FOREIGN KEY (`accountID`) REFERENCES `student` (`accountID`) ON UPDATE CASCADE
) ENGINE=InnoDB DEFAULT CHARSET=utf8mb4 COLLATE=utf8mb4_0900_ai_ci;
/*!40101 SET character_set_client = @saved_cs_client */;

--
-- Dumping data for table `workout`
--

LOCK TABLES `workout` WRITE;
/*!40000 ALTER TABLE `workout` DISABLE KEYS */;
INSERT INTO `workout` VALUES ('0140 Oriole Drive','01-1463042','2022-12-02','10:00:00','12:05:00'),('0140 Oriole Drive','01-1463042','2022-12-04','19:45:00','21:30:00'),('0140 Oriole Drive','01-1463042','2022-12-05','14:45:00','15:45:00'),('0140 Oriole Drive','01-1463042','2022-12-05','20:15:00','22:00:00'),('0140 Oriole Drive','01-1463042','2022-12-06','10:45:00','11:45:00'),('0140 Oriole Drive','01-1463042','2022-12-07','14:15:00','15:55:00'),('0140 Oriole Drive','01-1463042','2022-12-07','15:15:00','17:30:00'),('0140 Oriole Drive','01-1463042','2022-12-08','15:30:00','16:45:00'),('0140 Oriole Drive','01-1463042','2022-12-09','10:30:00','11:10:00'),('0140 Oriole Drive','01-1463042','2022-12-09','16:30:00','17:35:00'),('0140 Oriole Drive','01-1463042','2022-12-10','12:45:00','13:30:00'),('0140 Oriole Drive','01-1463042','2022-12-10','16:00:00','17:40:00'),('0140 Oriole Drive','01-1463042','2022-12-10','19:15:00','20:30:00'),('0140 Oriole Drive','01-1463042','2022-12-12','14:45:00','16:15:00'),('0140 Oriole Drive','01-1463042','2022-12-13','12:45:00','13:15:00'),('0140 Oriole Drive','01-1463042','2022-12-14','13:00:00','14:30:00'),('0140 Oriole Drive','01-1463042','2022-12-15','15:15:00','17:15:00'),('0140 Oriole Drive','01-1463042','2022-12-17','09:30:00','10:35:00'),('0140 Oriole Drive','01-1463042','2022-12-17','09:45:00','11:45:00'),('0140 Oriole Drive','01-1463042','2022-12-17','21:00:00','21:15:00'),('0140 Oriole Drive','01-1463042','2022-12-18','17:30:00','19:10:00'),('0140 Oriole Drive','01-1463042','2022-12-18','21:15:00','22:45:00'),('0140 Oriole Drive','01-1463042','2022-12-19','16:00:00','16:45:00'),('0140 Oriole Drive','01-1463042','2022-12-19','18:00:00','18:15:00'),('0140 Oriole Drive','01-1463042','2022-12-22','13:00:00','14:40:00'),('0140 Oriole Drive','01-1463042','2022-12-23','13:30:00','14:30:00'),('0140 Oriole Drive','01-1463042','2022-12-23','14:00:00','14:00:00'),('0140 Oriole Drive','01-1463042','2022-12-23','17:30:00','19:45:00'),('0140 Oriole Drive','01-1463042','2022-12-25','10:15:00','10:20:00'),('0140 Oriole Drive','01-1463042','2022-12-26','19:15:00','19:00:00'),('0140 Oriole Drive','01-1463042','2022-12-26','21:15:00','22:20:00'),('0140 Oriole Drive','01-1463042','2022-12-26','21:30:00','22:30:00'),('0140 Oriole Drive','01-1463042','2022-12-27','11:15:00','11:00:00'),('0140 Oriole Drive','01-1463042','2022-12-27','17:00:00','18:00:00'),('0140 Oriole Drive','01-1463042','2022-12-28','14:15:00','15:15:00'),('0140 Oriole Drive','01-1463042','2022-12-28','21:45:00','23:00:00'),('0140 Oriole Drive','01-1463042','2022-12-29','20:30:00','21:45:00'),('0140 Oriole Drive','01-1463042','2022-12-29','21:15:00','22:30:00'),('0140 Oriole Drive','01-1463042','2022-12-30','14:30:00','15:35:00'),('0140 Oriole Drive','05-4644888','2022-12-05','21:15:00','21:30:00'),('0140 Oriole Drive','05-4644888','2022-12-07','11:45:00','12:15:00'),('0140 Oriole Drive','05-4644888','2022-12-10','15:15:00','16:45:00'),('0140 Oriole Drive','05-4644888','2022-12-13','09:30:00','10:15:00'),('0140 Oriole Drive','05-4644888','2022-12-14','10:00:00','11:30:00'),('0140 Oriole Drive','05-4644888','2022-12-14','15:45:00','16:25:00'),('0140 Oriole Drive','05-4644888','2022-12-14','17:30:00','18:15:00'),('0140 Oriole Drive','05-4644888','2022-12-15','12:00:00','12:30:00'),('0140 Oriole Drive','05-4644888','2022-12-15','13:45:00','15:00:00'),('0140 Oriole Drive','05-4644888','2022-12-16','14:30:00','15:30:00'),('0140 Oriole Drive','05-4644888','2022-12-19','10:30:00','11:10:00'),('0140 Oriole Drive','05-4644888','2022-12-19','17:45:00','18:25:00'),('0140 Oriole Drive','05-4644888','2022-12-20','13:30:00','15:35:00'),('0140 Oriole Drive','05-4644888','2022-12-23','16:30:00','17:45:00'),('0140 Oriole Drive','05-4644888','2022-12-24','09:45:00','11:15:00'),('0140 Oriole Drive','05-4644888','2022-12-26','15:30:00','17:00:00'),('0140 Oriole Drive','05-4644888','2022-12-26','19:30:00','20:00:00'),('0140 Oriole Drive','05-4644888','2022-12-28','09:15:00','09:20:00'),('0140 Oriole Drive','05-4644888','2022-12-30','11:45:00','13:15:00'),('0140 Oriole Drive','10-2759563','2022-12-02','14:45:00','15:15:00'),('0140 Oriole Drive','10-2759563','2022-12-27','13:15:00','14:30:00'),('0140 Oriole Drive','10-2759563','2022-12-28','21:45:00','22:25:00'),('0140 Oriole Drive','10-3474386','2022-12-06','20:30:00','21:35:00'),('0140 Oriole Drive','10-3474386','2022-12-07','10:00:00','10:05:00'),('0140 Oriole Drive','10-3474386','2022-12-07','10:45:00','12:45:00'),('0140 Oriole Drive','10-3474386','2022-12-12','15:30:00','16:10:00'),('0140 Oriole Drive','10-3474386','2022-12-14','19:00:00','21:45:00'),('0140 Oriole Drive','10-3474386','2022-12-15','15:30:00','17:45:00'),('0140 Oriole Drive','10-3474386','2022-12-16','09:15:00','11:30:00'),('0140 Oriole Drive','10-3474386','2022-12-17','12:15:00','14:15:00'),('0140 Oriole Drive','10-3474386','2022-12-17','19:15:00','20:30:00'),('0140 Oriole Drive','10-3474386','2022-12-18','10:00:00','11:30:00'),('0140 Oriole Drive','10-3474386','2022-12-19','18:00:00','19:00:00'),('0140 Oriole Drive','10-3474386','2022-12-22','10:30:00','11:10:00'),('0140 Oriole Drive','10-3474386','2022-12-22','21:30:00','22:45:00'),('0140 Oriole Drive','10-3474386','2022-12-27','10:15:00','11:00:00'),('0140 Oriole Drive','10-3474386','2022-12-27','14:45:00','15:45:00'),('0140 Oriole Drive','10-3474386','2022-12-28','11:00:00','11:45:00'),('0140 Oriole Drive','10-3474386','2022-12-29','12:45:00','13:30:00'),('0140 Oriole Drive','10-3474386','2022-12-29','14:30:00','15:45:00'),('0140 Oriole Drive','10-3474386','2022-12-29','20:00:00','20:45:00'),('0140 Oriole Drive','12-5474107','2022-12-12','14:30:00','15:15:00'),('0140 Oriole Drive','12-5474107','2022-12-18','16:15:00','16:55:00'),('0140 Oriole Drive','12-5474107','2022-12-28','10:15:00','11:30:00'),('0140 Oriole Drive','12-8634735','2022-12-04','13:45:00','14:15:00'),('0140 Oriole Drive','12-8634735','2022-12-06','17:30:00','19:10:00'),('0140 Oriole Drive','12-8634735','2022-12-06','19:15:00','20:55:00'),('0140 Oriole Drive','12-8634735','2022-12-11','21:15:00','22:55:00'),('0140 Oriole Drive','12-8634735','2022-12-16','11:30:00','13:35:00'),('0140 Oriole Drive','12-8634735','2022-12-20','17:00:00','17:05:00'),('0140 Oriole Drive','12-8634735','2022-12-21','12:30:00','13:15:00'),('0140 Oriole Drive','12-8634735','2022-12-29','20:00:00','20:00:00'),('0140 Oriole Drive','13-0400166','2022-12-15','16:15:00','17:55:00'),('0140 Oriole Drive','13-0400166','2022-12-15','17:45:00','18:30:00'),('0140 Oriole Drive','13-0400166','2022-12-17','12:15:00','13:55:00'),('0140 Oriole Drive','13-0400166','2022-12-30','15:00:00','16:45:00'),('0140 Oriole Drive','13-8445772','2022-12-05','11:00:00','12:45:00'),('0140 Oriole Drive','13-8445772','2022-12-06','21:15:00','21:20:00'),('0140 Oriole Drive','13-8445772','2022-12-07','13:45:00','14:30:00'),('0140 Oriole Drive','13-8445772','2022-12-12','13:30:00','14:45:00'),('0140 Oriole Drive','13-8445772','2022-12-13','09:30:00','10:00:00'),('0140 Oriole Drive','13-8445772','2022-12-17','12:15:00','12:00:00'),('0140 Oriole Drive','13-8445772','2022-12-24','10:45:00','11:15:00'),('0140 Oriole Drive','13-8445772','2022-12-25','19:00:00','20:30:00'),('0140 Oriole Drive','14-8589359','2022-12-03','16:30:00','17:00:00'),('0140 Oriole Drive','14-8589359','2022-12-03','19:00:00','19:15:00'),('0140 Oriole Drive','14-8589359','2022-12-04','19:30:00','20:15:00'),('0140 Oriole Drive','14-8589359','2022-12-10','13:00:00','14:00:00'),('0140 Oriole Drive','14-8589359','2022-12-10','18:30:00','19:15:00'),('0140 Oriole Drive','14-8589359','2022-12-12','10:30:00','11:10:00'),('0140 Oriole Drive','14-8589359','2022-12-13','11:00:00','12:05:00'),('0140 Oriole Drive','14-8589359','2022-12-15','09:45:00','11:15:00'),('0140 Oriole Drive','14-8589359','2022-12-16','19:00:00','19:45:00'),('0140 Oriole Drive','14-8589359','2022-12-19','13:15:00','14:20:00'),('0140 Oriole Drive','14-8589359','2022-12-24','16:45:00','18:15:00'),('0140 Oriole Drive','14-8589359','2022-12-30','11:00:00','12:30:00'),('0140 Oriole Drive','16-2023615','2022-12-03','14:00:00','14:00:00'),('0140 Oriole Drive','16-2023615','2022-12-10','16:30:00','17:30:00'),('0140 Oriole Drive','16-2023615','2022-12-13','16:30:00','17:10:00'),('0140 Oriole Drive','16-2023615','2022-12-16','12:45:00','14:15:00'),('0140 Oriole Drive','16-2023615','2022-12-21','10:30:00','11:35:00'),('0140 Oriole Drive','16-2023615','2022-12-22','11:45:00','12:30:00'),('0140 Oriole Drive','16-2023615','2022-12-22','19:45:00','21:00:00'),('0140 Oriole Drive','16-2023615','2022-12-29','17:30:00','18:35:00'),('0140 Oriole Drive','16-2023615','2022-12-29','20:30:00','21:10:00'),('0140 Oriole Drive','16-9462353','2022-12-05','19:00:00','20:30:00'),('0140 Oriole Drive','16-9462353','2022-12-09','16:45:00','18:50:00'),('0140 Oriole Drive','16-9462353','2022-12-19','18:15:00','18:00:00'),('0140 Oriole Drive','18-6354030','2022-12-06','21:00:00','23:30:00'),('0140 Oriole Drive','18-6354030','2022-12-09','09:45:00','10:50:00'),('0140 Oriole Drive','18-6354030','2022-12-11','17:00:00','18:15:00'),('0140 Oriole Drive','18-6354030','2022-12-14','18:15:00','18:15:00'),('0140 Oriole Drive','18-6354030','2022-12-16','10:45:00','11:25:00'),('0140 Oriole Drive','18-6354030','2022-12-22','21:30:00','22:30:00'),('0140 Oriole Drive','18-6354030','2022-12-25','15:00:00','16:30:00'),('0140 Oriole Drive','18-6354030','2022-12-28','13:00:00','15:05:00'),('05 Schlimgen Junction','01-3495902','2022-12-01','14:15:00','15:45:00'),('05 Schlimgen Junction','01-3495902','2022-12-04','21:45:00','22:50:00'),('05 Schlimgen Junction','01-3495902','2022-12-06','19:15:00','20:55:00'),('05 Schlimgen Junction','01-3495902','2022-12-06','19:45:00','20:00:00'),('05 Schlimgen Junction','01-3495902','2022-12-07','20:30:00','21:15:00'),('05 Schlimgen Junction','01-3495902','2022-12-08','17:45:00','18:00:00'),('05 Schlimgen Junction','01-3495902','2022-12-09','11:15:00','11:30:00'),('05 Schlimgen Junction','01-3495902','2022-12-11','19:15:00','19:55:00'),('05 Schlimgen Junction','01-3495902','2022-12-12','21:00:00','23:40:00'),('05 Schlimgen Junction','01-3495902','2022-12-14','19:00:00','20:40:00'),('05 Schlimgen Junction','01-3495902','2022-12-15','14:30:00','15:15:00'),('05 Schlimgen Junction','01-3495902','2022-12-16','13:15:00','14:00:00'),('05 Schlimgen Junction','01-3495902','2022-12-16','14:45:00','16:30:00'),('05 Schlimgen Junction','01-3495902','2022-12-16','16:15:00','16:20:00'),('05 Schlimgen Junction','01-3495902','2022-12-16','18:30:00','19:00:00'),('05 Schlimgen Junction','01-3495902','2022-12-17','16:00:00','18:00:00'),('05 Schlimgen Junction','01-3495902','2022-12-17','18:30:00','20:00:00'),('05 Schlimgen Junction','01-3495902','2022-12-18','11:15:00','13:20:00'),('05 Schlimgen Junction','01-3495902','2022-12-18','18:30:00','19:35:00'),('05 Schlimgen Junction','01-3495902','2022-12-19','20:30:00','21:10:00'),('05 Schlimgen Junction','01-3495902','2022-12-20','15:30:00','16:35:00'),('05 Schlimgen Junction','01-3495902','2022-12-21','11:45:00','12:30:00'),('05 Schlimgen Junction','01-3495902','2022-12-21','19:00:00','19:30:00'),('05 Schlimgen Junction','01-3495902','2022-12-22','12:30:00','13:30:00'),('05 Schlimgen Junction','01-3495902','2022-12-22','19:00:00','20:45:00'),('05 Schlimgen Junction','01-3495902','2022-12-23','21:30:00','22:35:00'),('05 Schlimgen Junction','01-3495902','2022-12-24','20:15:00','21:30:00'),('05 Schlimgen Junction','01-3495902','2022-12-25','10:45:00','11:30:00'),('05 Schlimgen Junction','01-3495902','2022-12-25','16:30:00','17:15:00'),('05 Schlimgen Junction','01-3495902','2022-12-25','16:45:00','17:30:00'),('05 Schlimgen Junction','01-3495902','2022-12-26','15:30:00','16:30:00'),('05 Schlimgen Junction','01-3495902','2022-12-27','11:45:00','13:15:00'),('05 Schlimgen Junction','01-3495902','2022-12-27','17:15:00','17:20:00'),('05 Schlimgen Junction','01-3495902','2022-12-29','16:15:00','17:20:00'),('05 Schlimgen Junction','01-3495902','2022-12-29','18:15:00','20:00:00'),('05 Schlimgen Junction','01-3495902','2022-12-29','18:30:00','19:35:00'),('05 Schlimgen Junction','01-3495902','2022-12-30','09:30:00','10:10:00'),('05 Schlimgen Junction','01-3495902','2022-12-30','13:45:00','14:25:00'),('05 Schlimgen Junction','01-3495902','2022-12-30','15:00:00','15:00:00'),('05 Schlimgen Junction','05-6437822','2022-12-01','11:00:00','12:05:00'),('05 Schlimgen Junction','05-6437822','2022-12-01','13:00:00','14:40:00'),('05 Schlimgen Junction','05-6437822','2022-12-01','21:00:00','21:45:00'),('05 Schlimgen Junction','05-6437822','2022-12-02','14:00:00','14:05:00'),('05 Schlimgen Junction','05-6437822','2022-12-02','15:00:00','15:30:00'),('05 Schlimgen Junction','05-6437822','2022-12-02','17:15:00','18:15:00'),('05 Schlimgen Junction','05-6437822','2022-12-02','19:30:00','20:45:00'),('05 Schlimgen Junction','05-6437822','2022-12-03','19:30:00','20:00:00'),('05 Schlimgen Junction','05-6437822','2022-12-05','18:00:00','18:30:00'),('05 Schlimgen Junction','05-6437822','2022-12-07','09:00:00','11:00:00'),('05 Schlimgen Junction','05-6437822','2022-12-12','11:15:00','11:55:00'),('05 Schlimgen Junction','05-6437822','2022-12-14','15:45:00','16:45:00'),('05 Schlimgen Junction','05-6437822','2022-12-17','12:30:00','13:30:00'),('05 Schlimgen Junction','05-6437822','2022-12-18','09:45:00','10:45:00'),('05 Schlimgen Junction','05-6437822','2022-12-18','16:30:00','17:30:00'),('05 Schlimgen Junction','05-6437822','2022-12-22','21:45:00','23:30:00'),('05 Schlimgen Junction','05-6437822','2022-12-25','21:00:00','21:30:00'),('05 Schlimgen Junction','05-6437822','2022-12-26','17:15:00','18:15:00'),('05 Schlimgen Junction','05-6437822','2022-12-27','10:45:00','12:00:00'),('05 Schlimgen Junction','05-6437822','2022-12-29','16:30:00','17:35:00'),('05 Schlimgen Junction','10-2759563','2022-12-02','11:45:00','12:50:00'),('05 Schlimgen Junction','10-2759563','2022-12-02','14:45:00','16:50:00'),('05 Schlimgen Junction','10-2759563','2022-12-04','21:30:00','22:30:00'),('05 Schlimgen Junction','10-2759563','2022-12-05','17:15:00','18:00:00'),('05 Schlimgen Junction','10-2759563','2022-12-06','19:00:00','21:05:00'),('05 Schlimgen Junction','10-2759563','2022-12-13','21:45:00','23:45:00'),('05 Schlimgen Junction','10-2759563','2022-12-16','19:00:00','19:00:00'),('05 Schlimgen Junction','10-2759563','2022-12-25','12:30:00','13:10:00'),('05 Schlimgen Junction','10-3474386','2022-12-17','16:15:00','17:30:00'),('05 Schlimgen Junction','10-3474386','2022-12-18','11:45:00','13:25:00'),('05 Schlimgen Junction','10-3474386','2022-12-26','14:45:00','16:15:00'),('05 Schlimgen Junction','12-5474107','2022-12-04','09:00:00','11:30:00'),('05 Schlimgen Junction','12-5474107','2022-12-04','15:45:00','17:30:00'),('05 Schlimgen Junction','12-5474107','2022-12-07','15:45:00','16:00:00'),('05 Schlimgen Junction','12-5474107','2022-12-08','21:45:00','22:50:00'),('05 Schlimgen Junction','12-5474107','2022-12-09','13:00:00','15:45:00'),('05 Schlimgen Junction','12-5474107','2022-12-10','18:15:00','18:00:00'),('05 Schlimgen Junction','12-5474107','2022-12-13','10:30:00','12:45:00'),('05 Schlimgen Junction','12-5474107','2022-12-14','16:45:00','17:30:00'),('05 Schlimgen Junction','12-5474107','2022-12-15','09:30:00','10:35:00'),('05 Schlimgen Junction','12-5474107','2022-12-18','09:45:00','11:00:00'),('05 Schlimgen Junction','12-5474107','2022-12-19','21:15:00','22:00:00'),('05 Schlimgen Junction','12-5474107','2022-12-21','13:00:00','14:00:00'),('05 Schlimgen Junction','12-5474107','2022-12-21','14:45:00','16:30:00'),('05 Schlimgen Junction','12-5474107','2022-12-25','09:45:00','10:30:00'),('05 Schlimgen Junction','12-5474107','2022-12-27','16:30:00','17:10:00'),('05 Schlimgen Junction','12-5474107','2022-12-27','20:45:00','21:45:00'),('05 Schlimgen Junction','12-5474107','2022-12-29','14:30:00','15:30:00'),('05 Schlimgen Junction','12-5474107','2022-12-30','10:15:00','11:45:00'),('05 Schlimgen Junction','12-5474107','2022-12-30','13:00:00','13:40:00'),('05 Schlimgen Junction','12-8634735','2022-12-04','15:30:00','16:45:00'),('05 Schlimgen Junction','12-8634735','2022-12-14','20:15:00','21:15:00'),('05 Schlimgen Junction','12-8634735','2022-12-25','19:30:00','20:10:00'),('05 Schlimgen Junction','13-0400166','2022-12-05','14:15:00','15:00:00'),('05 Schlimgen Junction','13-0400166','2022-12-05','17:30:00','18:15:00'),('05 Schlimgen Junction','13-0400166','2022-12-06','19:15:00','20:55:00'),('05 Schlimgen Junction','13-0400166','2022-12-15','10:15:00','12:45:00'),('05 Schlimgen Junction','13-0400166','2022-12-16','16:00:00','17:40:00'),('05 Schlimgen Junction','13-0400166','2022-12-20','10:00:00','10:45:00'),('05 Schlimgen Junction','13-0400166','2022-12-21','20:15:00','22:00:00'),('05 Schlimgen Junction','13-0400166','2022-12-24','13:30:00','14:00:00'),('05 Schlimgen Junction','13-8445772','2022-12-09','20:00:00','21:30:00'),('05 Schlimgen Junction','13-8445772','2022-12-19','19:15:00','20:20:00'),('05 Schlimgen Junction','13-8445772','2022-12-22','15:15:00','16:45:00'),('05 Schlimgen Junction','13-8445772','2022-12-30','11:15:00','13:15:00'),('05 Schlimgen Junction','14-8589359','2022-12-01','10:15:00','11:00:00'),('05 Schlimgen Junction','14-8589359','2022-12-04','17:30:00','18:30:00'),('05 Schlimgen Junction','14-8589359','2022-12-05','17:15:00','17:45:00'),('05 Schlimgen Junction','14-8589359','2022-12-07','21:00:00','22:45:00'),('05 Schlimgen Junction','14-8589359','2022-12-14','19:45:00','20:15:00'),('05 Schlimgen Junction','14-8589359','2022-12-17','20:15:00','21:00:00'),('05 Schlimgen Junction','14-8589359','2022-12-19','13:15:00','13:30:00'),('05 Schlimgen Junction','14-8589359','2022-12-23','15:00:00','15:00:00'),('05 Schlimgen Junction','16-2023615','2022-12-02','20:30:00','21:45:00'),('05 Schlimgen Junction','16-2023615','2022-12-03','16:00:00','16:00:00'),('05 Schlimgen Junction','16-2023615','2022-12-03','21:15:00','21:55:00'),('05 Schlimgen Junction','16-2023615','2022-12-04','16:15:00','16:30:00'),('05 Schlimgen Junction','16-2023615','2022-12-06','18:00:00','20:05:00'),('05 Schlimgen Junction','16-2023615','2022-12-08','21:15:00','22:15:00'),('05 Schlimgen Junction','16-2023615','2022-12-10','15:15:00','16:15:00'),('05 Schlimgen Junction','16-2023615','2022-12-10','19:30:00','20:15:00'),('05 Schlimgen Junction','16-2023615','2022-12-10','20:30:00','22:45:00'),('05 Schlimgen Junction','16-2023615','2022-12-11','15:45:00','16:15:00'),('05 Schlimgen Junction','16-2023615','2022-12-19','09:45:00','11:15:00'),('05 Schlimgen Junction','16-2023615','2022-12-25','17:15:00','17:55:00'),('05 Schlimgen Junction','16-2023615','2022-12-29','12:15:00','13:20:00'),('05 Schlimgen Junction','16-9462353','2022-12-01','12:00:00','13:45:00'),('05 Schlimgen Junction','16-9462353','2022-12-08','17:00:00','17:15:00'),('05 Schlimgen Junction','16-9462353','2022-12-09','10:45:00','11:50:00'),('05 Schlimgen Junction','16-9462353','2022-12-10','13:45:00','15:50:00'),('05 Schlimgen Junction','16-9462353','2022-12-21','13:45:00','14:45:00'),('05 Schlimgen Junction','16-9462353','2022-12-24','14:00:00','14:15:00'),('05 Schlimgen Junction','16-9462353','2022-12-26','19:00:00','20:00:00'),('05 Schlimgen Junction','16-9462353','2022-12-28','11:45:00','12:00:00'),('05 Schlimgen Junction','16-9462353','2022-12-29','21:30:00','23:00:00'),('05 Schlimgen Junction','18-6354030','2022-12-01','16:15:00','17:45:00'),('05 Schlimgen Junction','18-6354030','2022-12-19','19:45:00','20:45:00'),('05 Schlimgen Junction','18-6354030','2022-12-30','11:30:00','12:30:00'),('055 Dwight Hill','03-3842578','2022-12-01','15:15:00','15:15:00'),('055 Dwight Hill','03-3842578','2022-12-01','16:45:00','18:50:00'),('055 Dwight Hill','03-3842578','2022-12-01','19:45:00','20:50:00'),('055 Dwight Hill','03-3842578','2022-12-02','12:30:00','13:30:00'),('055 Dwight Hill','03-3842578','2022-12-05','09:15:00','11:15:00'),('055 Dwight Hill','03-3842578','2022-12-05','10:30:00','11:00:00'),('055 Dwight Hill','03-3842578','2022-12-05','20:45:00','21:15:00'),('055 Dwight Hill','03-3842578','2022-12-06','15:15:00','16:20:00'),('055 Dwight Hill','03-3842578','2022-12-07','21:00:00','23:05:00'),('055 Dwight Hill','03-3842578','2022-12-08','09:00:00','09:45:00'),('055 Dwight Hill','03-3842578','2022-12-08','15:30:00','16:15:00'),('055 Dwight Hill','03-3842578','2022-12-08','20:45:00','22:45:00'),('055 Dwight Hill','03-3842578','2022-12-09','11:30:00','13:15:00'),('055 Dwight Hill','03-3842578','2022-12-10','10:00:00','11:45:00'),('055 Dwight Hill','03-3842578','2022-12-10','21:45:00','23:00:00'),('055 Dwight Hill','03-3842578','2022-12-12','09:30:00','10:30:00'),('055 Dwight Hill','03-3842578','2022-12-13','21:15:00','22:45:00'),('055 Dwight Hill','03-3842578','2022-12-14','19:00:00','20:40:00'),('055 Dwight Hill','03-3842578','2022-12-15','09:30:00','10:35:00'),('055 Dwight Hill','03-3842578','2022-12-15','10:30:00','12:35:00'),('055 Dwight Hill','03-3842578','2022-12-16','12:45:00','13:15:00'),('055 Dwight Hill','03-3842578','2022-12-16','20:00:00','21:45:00'),('055 Dwight Hill','03-3842578','2022-12-17','20:00:00','22:40:00'),('055 Dwight Hill','03-3842578','2022-12-18','10:15:00','10:15:00'),('055 Dwight Hill','03-3842578','2022-12-19','13:15:00','13:45:00'),('055 Dwight Hill','03-3842578','2022-12-19','19:00:00','19:45:00'),('055 Dwight Hill','03-3842578','2022-12-19','20:15:00','20:20:00'),('055 Dwight Hill','03-3842578','2022-12-20','15:30:00','16:45:00'),('055 Dwight Hill','03-3842578','2022-12-21','10:45:00','11:50:00'),('055 Dwight Hill','03-3842578','2022-12-21','18:30:00','19:35:00'),('055 Dwight Hill','03-3842578','2022-12-21','19:30:00','20:35:00'),('055 Dwight Hill','03-3842578','2022-12-23','17:15:00','17:15:00'),('055 Dwight Hill','03-3842578','2022-12-23','20:30:00','21:15:00'),('055 Dwight Hill','03-3842578','2022-12-28','09:15:00','11:00:00'),('055 Dwight Hill','03-3842578','2022-12-28','10:15:00','11:45:00'),('055 Dwight Hill','03-3842578','2022-12-30','09:45:00','10:15:00'),('055 Dwight Hill','03-3842578','2022-12-30','11:30:00','12:10:00'),('055 Dwight Hill','03-3842578','2022-12-30','14:45:00','15:30:00'),('055 Dwight Hill','03-3842578','2022-12-30','16:30:00','17:30:00'),('055 Dwight Hill','09-7438851','2022-12-01','19:15:00','19:20:00'),('055 Dwight Hill','09-7438851','2022-12-09','09:15:00','10:45:00'),('055 Dwight Hill','09-7438851','2022-12-09','16:00:00','17:30:00'),('055 Dwight Hill','09-7438851','2022-12-12','13:15:00','14:15:00'),('055 Dwight Hill','09-7438851','2022-12-12','18:15:00','18:55:00'),('055 Dwight Hill','09-7438851','2022-12-16','18:45:00','19:50:00'),('055 Dwight Hill','09-7438851','2022-12-17','10:00:00','12:05:00'),('055 Dwight Hill','09-7438851','2022-12-17','14:15:00','16:15:00'),('055 Dwight Hill','09-7438851','2022-12-18','19:45:00','21:30:00'),('055 Dwight Hill','09-7438851','2022-12-21','14:00:00','16:40:00'),('055 Dwight Hill','09-7438851','2022-12-22','09:15:00','09:45:00'),('055 Dwight Hill','09-7438851','2022-12-22','12:15:00','13:55:00'),('055 Dwight Hill','09-7438851','2022-12-22','19:30:00','20:10:00'),('055 Dwight Hill','09-7438851','2022-12-24','16:45:00','17:15:00'),('055 Dwight Hill','09-7438851','2022-12-24','18:30:00','19:35:00'),('055 Dwight Hill','09-7438851','2022-12-25','10:45:00','11:15:00'),('055 Dwight Hill','09-7438851','2022-12-25','14:45:00','15:00:00'),('055 Dwight Hill','09-7438851','2022-12-27','20:15:00','20:30:00'),('055 Dwight Hill','09-7438851','2022-12-28','17:45:00','18:30:00'),('055 Dwight Hill','09-7438851','2022-12-28','18:00:00','18:40:00'),('055 Dwight Hill','13-0400166','2022-12-03','20:30:00','21:45:00'),('055 Dwight Hill','13-0400166','2022-12-08','18:45:00','19:30:00'),('055 Dwight Hill','13-0400166','2022-12-12','15:30:00','16:10:00'),('055 Dwight Hill','13-0400166','2022-12-13','11:15:00','12:30:00'),('055 Dwight Hill','13-0400166','2022-12-20','11:30:00','13:30:00'),('055 Dwight Hill','13-0400166','2022-12-21','12:45:00','14:25:00'),('055 Dwight Hill','13-0400166','2022-12-23','18:45:00','19:45:00'),('055 Dwight Hill','13-0400166','2022-12-24','15:15:00','16:20:00'),('055 Dwight Hill','13-0400166','2022-12-25','14:00:00','14:05:00'),('055 Dwight Hill','13-0400166','2022-12-30','11:00:00','11:00:00'),('055 Dwight Hill','18-6354030','2022-12-01','14:45:00','16:00:00'),('055 Dwight Hill','18-6354030','2022-12-02','15:45:00','17:15:00'),('055 Dwight Hill','18-6354030','2022-12-06','11:00:00','12:00:00'),('055 Dwight Hill','18-6354030','2022-12-09','13:30:00','15:00:00'),('055 Dwight Hill','18-6354030','2022-12-15','18:45:00','19:15:00'),('055 Dwight Hill','18-6354030','2022-12-19','11:15:00','12:15:00'),('055 Dwight Hill','18-6354030','2022-12-20','20:15:00','21:55:00'),('055 Dwight Hill','18-6354030','2022-12-21','09:45:00','10:25:00'),('055 Dwight Hill','18-6354030','2022-12-21','10:00:00','11:05:00'),('055 Dwight Hill','18-6354030','2022-12-29','17:00:00','18:30:00'),('07 Dovetail Hill','03-4759555','2022-12-01','21:30:00','22:00:00'),('07 Dovetail Hill','03-4759555','2022-12-02','16:45:00','17:45:00'),('07 Dovetail Hill','03-4759555','2022-12-03','11:15:00','12:20:00'),('07 Dovetail Hill','03-4759555','2022-12-04','10:15:00','10:55:00'),('07 Dovetail Hill','03-4759555','2022-12-04','11:15:00','12:30:00'),('07 Dovetail Hill','03-4759555','2022-12-05','11:00:00','11:45:00'),('07 Dovetail Hill','03-4759555','2022-12-05','21:45:00','22:00:00'),('07 Dovetail Hill','03-4759555','2022-12-06','16:45:00','17:45:00'),('07 Dovetail Hill','03-4759555','2022-12-07','18:00:00','18:30:00'),('07 Dovetail Hill','03-4759555','2022-12-09','11:45:00','13:15:00'),('07 Dovetail Hill','03-4759555','2022-12-09','13:15:00','13:45:00'),('07 Dovetail Hill','03-4759555','2022-12-09','15:15:00','16:30:00'),('07 Dovetail Hill','03-4759555','2022-12-10','13:30:00','14:45:00'),('07 Dovetail Hill','03-4759555','2022-12-11','11:15:00','12:55:00'),('07 Dovetail Hill','03-4759555','2022-12-11','20:00:00','21:05:00'),('07 Dovetail Hill','03-4759555','2022-12-12','18:00:00','18:15:00'),('07 Dovetail Hill','03-4759555','2022-12-13','13:45:00','14:25:00'),('07 Dovetail Hill','03-4759555','2022-12-13','16:00:00','17:30:00'),('07 Dovetail Hill','03-4759555','2022-12-14','12:45:00','13:25:00'),('07 Dovetail Hill','03-4759555','2022-12-15','13:30:00','14:30:00'),('07 Dovetail Hill','03-4759555','2022-12-15','13:45:00','14:15:00'),('07 Dovetail Hill','03-4759555','2022-12-15','15:15:00','17:15:00'),('07 Dovetail Hill','03-4759555','2022-12-16','12:30:00','13:15:00'),('07 Dovetail Hill','03-4759555','2022-12-17','21:30:00','22:30:00'),('07 Dovetail Hill','03-4759555','2022-12-18','16:45:00','18:30:00'),('07 Dovetail Hill','03-4759555','2022-12-19','09:00:00','10:15:00'),('07 Dovetail Hill','03-4759555','2022-12-19','14:15:00','15:15:00'),('07 Dovetail Hill','03-4759555','2022-12-19','15:00:00','17:00:00'),('07 Dovetail Hill','03-4759555','2022-12-19','20:30:00','21:35:00'),('07 Dovetail Hill','03-4759555','2022-12-22','15:15:00','16:15:00'),('07 Dovetail Hill','03-4759555','2022-12-22','19:15:00','20:30:00'),('07 Dovetail Hill','03-4759555','2022-12-22','21:30:00','23:10:00'),('07 Dovetail Hill','03-4759555','2022-12-23','21:30:00','22:15:00'),('07 Dovetail Hill','03-4759555','2022-12-24','12:30:00','13:35:00'),('07 Dovetail Hill','03-4759555','2022-12-24','17:30:00','18:00:00'),('07 Dovetail Hill','03-4759555','2022-12-25','16:00:00','18:30:00'),('07 Dovetail Hill','03-4759555','2022-12-26','09:30:00','10:10:00'),('07 Dovetail Hill','03-4759555','2022-12-26','13:45:00','14:00:00'),('07 Dovetail Hill','03-4759555','2022-12-30','20:30:00','22:00:00'),('07 Dovetail Hill','03-4759555','2022-12-30','21:15:00','22:20:00'),('07 Dovetail Hill','09-5424151','2022-12-01','12:45:00','13:30:00'),('07 Dovetail Hill','09-5424151','2022-12-01','18:00:00','18:15:00'),('07 Dovetail Hill','09-5424151','2022-12-02','17:00:00','19:30:00'),('07 Dovetail Hill','09-5424151','2022-12-03','10:15:00','10:55:00'),('07 Dovetail Hill','09-5424151','2022-12-03','12:15:00','14:45:00'),('07 Dovetail Hill','09-5424151','2022-12-03','14:45:00','15:25:00'),('07 Dovetail Hill','09-5424151','2022-12-04','15:45:00','16:00:00'),('07 Dovetail Hill','09-5424151','2022-12-08','09:45:00','11:00:00'),('07 Dovetail Hill','09-5424151','2022-12-09','10:15:00','10:00:00'),('07 Dovetail Hill','09-5424151','2022-12-09','19:00:00','21:40:00'),('07 Dovetail Hill','09-5424151','2022-12-12','16:45:00','17:15:00'),('07 Dovetail Hill','09-5424151','2022-12-16','09:45:00','11:25:00'),('07 Dovetail Hill','09-5424151','2022-12-16','10:30:00','11:15:00'),('07 Dovetail Hill','09-5424151','2022-12-16','19:45:00','21:00:00'),('07 Dovetail Hill','09-5424151','2022-12-18','20:15:00','20:15:00'),('07 Dovetail Hill','09-5424151','2022-12-21','11:00:00','13:15:00'),('07 Dovetail Hill','09-5424151','2022-12-21','17:30:00','19:00:00'),('07 Dovetail Hill','09-5424151','2022-12-23','09:00:00','10:05:00'),('07 Dovetail Hill','09-5424151','2022-12-25','18:00:00','19:00:00'),('07 Dovetail Hill','09-5424151','2022-12-27','09:00:00','09:40:00'),('07 Dovetail Hill','10-3474386','2022-12-15','15:30:00','16:30:00'),('07 Dovetail Hill','10-3474386','2022-12-18','20:15:00','21:30:00'),('07 Dovetail Hill','10-3474386','2022-12-19','16:30:00','17:45:00'),('07 Dovetail Hill','10-3474386','2022-12-21','20:45:00','21:00:00'),('07 Dovetail Hill','10-3474386','2022-12-24','19:15:00','19:00:00'),('07 Dovetail Hill','12-8634735','2022-12-01','21:30:00','23:15:00'),('07 Dovetail Hill','12-8634735','2022-12-01','21:45:00','23:15:00'),('07 Dovetail Hill','12-8634735','2022-12-02','18:00:00','20:40:00'),('07 Dovetail Hill','12-8634735','2022-12-02','19:15:00','19:20:00'),('07 Dovetail Hill','12-8634735','2022-12-05','20:00:00','21:45:00'),('07 Dovetail Hill','12-8634735','2022-12-08','11:00:00','11:00:00'),('07 Dovetail Hill','12-8634735','2022-12-12','17:30:00','18:10:00'),('07 Dovetail Hill','12-8634735','2022-12-14','17:30:00','18:10:00'),('07 Dovetail Hill','12-8634735','2022-12-17','16:45:00','17:25:00'),('07 Dovetail Hill','12-8634735','2022-12-17','19:15:00','19:00:00'),('07 Dovetail Hill','12-8634735','2022-12-21','17:15:00','19:20:00'),('07 Dovetail Hill','12-8634735','2022-12-22','12:45:00','13:30:00'),('07 Dovetail Hill','12-8634735','2022-12-22','20:00:00','22:30:00'),('07 Dovetail Hill','12-8634735','2022-12-24','20:45:00','21:15:00'),('07 Dovetail Hill','12-8634735','2022-12-27','20:15:00','21:20:00'),('07 Dovetail Hill','13-8445772','2022-12-04','12:45:00','13:25:00'),('07 Dovetail Hill','13-8445772','2022-12-04','18:30:00','19:30:00'),('07 Dovetail Hill','13-8445772','2022-12-04','21:45:00','22:30:00'),('07 Dovetail Hill','13-8445772','2022-12-12','10:30:00','12:10:00'),('07 Dovetail Hill','13-8445772','2022-12-28','18:15:00','19:00:00'),('07 Dovetail Hill','16-2023615','2022-12-15','14:45:00','16:30:00'),('07 Dovetail Hill','16-2023615','2022-12-18','12:30:00','13:00:00'),('07 Dovetail Hill','16-2023615','2022-12-24','12:00:00','13:00:00'),('07 Dovetail Hill','16-2023615','2022-12-26','09:45:00','11:15:00'),('07 Dovetail Hill','16-2023615','2022-12-28','21:00:00','21:00:00'),('07 Dovetail Hill','16-9462353','2022-12-01','12:45:00','13:25:00'),('07 Dovetail Hill','16-9462353','2022-12-01','18:30:00','19:00:00'),('07 Dovetail Hill','16-9462353','2022-12-02','14:00:00','16:45:00'),('07 Dovetail Hill','16-9462353','2022-12-04','09:30:00','10:15:00'),('07 Dovetail Hill','16-9462353','2022-12-06','15:45:00','16:00:00'),('07 Dovetail Hill','16-9462353','2022-12-07','09:15:00','09:00:00'),('07 Dovetail Hill','16-9462353','2022-12-15','09:00:00','11:00:00'),('07 Dovetail Hill','16-9462353','2022-12-16','13:45:00','15:00:00'),('07 Dovetail Hill','16-9462353','2022-12-24','21:30:00','22:35:00'),('07 Dovetail Hill','16-9462353','2022-12-26','12:45:00','13:00:00'),('07 Dovetail Hill','18-6354030','2022-12-07','21:15:00','21:45:00'),('07 Dovetail Hill','18-6354030','2022-12-09','17:30:00','18:35:00'),('07 Dovetail Hill','18-6354030','2022-12-17','20:00:00','20:15:00'),('07 Dovetail Hill','18-6354030','2022-12-18','17:00:00','17:45:00'),('07 Dovetail Hill','18-6354030','2022-12-29','14:00:00','15:45:00'),('0917 Sunnyside Road','00-4351238','2022-12-01','09:30:00','10:30:00'),('0917 Sunnyside Road','00-4351238','2022-12-01','13:15:00','14:45:00'),('0917 Sunnyside Road','00-4351238','2022-12-01','21:45:00','22:30:00'),('0917 Sunnyside Road','00-4351238','2022-12-02','11:30:00','12:10:00'),('0917 Sunnyside Road','00-4351238','2022-12-02','15:15:00','15:45:00'),('0917 Sunnyside Road','00-4351238','2022-12-04','17:00:00','19:45:00'),('0917 Sunnyside Road','00-4351238','2022-12-05','12:30:00','13:15:00'),('0917 Sunnyside Road','00-4351238','2022-12-05','20:30:00','21:30:00'),('0917 Sunnyside Road','00-4351238','2022-12-06','09:45:00','10:30:00'),('0917 Sunnyside Road','00-4351238','2022-12-06','10:30:00','11:00:00'),('0917 Sunnyside Road','00-4351238','2022-12-07','11:00:00','11:40:00'),('0917 Sunnyside Road','00-4351238','2022-12-07','13:30:00','14:00:00'),('0917 Sunnyside Road','00-4351238','2022-12-10','10:45:00','12:15:00'),('0917 Sunnyside Road','00-4351238','2022-12-10','20:45:00','21:50:00'),('0917 Sunnyside Road','00-4351238','2022-12-11','10:45:00','11:00:00'),('0917 Sunnyside Road','00-4351238','2022-12-13','11:00:00','13:45:00'),('0917 Sunnyside Road','00-4351238','2022-12-15','12:30:00','13:35:00'),('0917 Sunnyside Road','00-4351238','2022-12-15','14:30:00','15:00:00'),('0917 Sunnyside Road','00-4351238','2022-12-15','21:00:00','22:45:00'),('0917 Sunnyside Road','00-4351238','2022-12-16','15:30:00','16:35:00'),('0917 Sunnyside Road','00-4351238','2022-12-16','16:15:00','16:45:00'),('0917 Sunnyside Road','00-4351238','2022-12-17','13:15:00','14:20:00'),('0917 Sunnyside Road','00-4351238','2022-12-18','09:15:00','10:15:00'),('0917 Sunnyside Road','00-4351238','2022-12-18','14:00:00','16:15:00'),('0917 Sunnyside Road','00-4351238','2022-12-19','10:45:00','12:25:00'),('0917 Sunnyside Road','00-4351238','2022-12-21','13:00:00','14:05:00'),('0917 Sunnyside Road','00-4351238','2022-12-21','14:30:00','15:00:00'),('0917 Sunnyside Road','00-4351238','2022-12-21','20:30:00','21:30:00'),('0917 Sunnyside Road','00-4351238','2022-12-22','20:00:00','22:05:00'),('0917 Sunnyside Road','00-4351238','2022-12-24','13:30:00','14:45:00'),('0917 Sunnyside Road','00-4351238','2022-12-24','16:00:00','18:45:00'),('0917 Sunnyside Road','00-4351238','2022-12-24','18:45:00','19:50:00'),('0917 Sunnyside Road','00-4351238','2022-12-25','18:30:00','19:45:00'),('0917 Sunnyside Road','00-4351238','2022-12-26','21:00:00','22:05:00'),('0917 Sunnyside Road','00-4351238','2022-12-27','12:45:00','13:15:00'),('0917 Sunnyside Road','00-4351238','2022-12-27','18:15:00','18:15:00'),('0917 Sunnyside Road','00-4351238','2022-12-28','09:45:00','10:00:00'),('0917 Sunnyside Road','00-4351238','2022-12-28','18:30:00','19:10:00'),('0917 Sunnyside Road','00-4351238','2022-12-30','12:00:00','14:45:00'),('0917 Sunnyside Road','00-4351238','2022-12-30','20:45:00','21:30:00'),('0917 Sunnyside Road','05-3131109','2022-12-03','11:15:00','12:20:00'),('0917 Sunnyside Road','05-3131109','2022-12-06','19:15:00','19:20:00'),('0917 Sunnyside Road','05-3131109','2022-12-06','20:30:00','21:30:00'),('0917 Sunnyside Road','05-3131109','2022-12-09','13:30:00','14:30:00'),('0917 Sunnyside Road','05-3131109','2022-12-10','15:30:00','16:35:00'),('0917 Sunnyside Road','05-3131109','2022-12-10','17:15:00','17:15:00'),('0917 Sunnyside Road','05-3131109','2022-12-10','20:00:00','21:30:00'),('0917 Sunnyside Road','05-3131109','2022-12-14','16:00:00','16:05:00'),('0917 Sunnyside Road','05-3131109','2022-12-15','19:30:00','20:10:00'),('0917 Sunnyside Road','05-3131109','2022-12-16','21:00:00','22:15:00'),('0917 Sunnyside Road','05-3131109','2022-12-17','16:45:00','17:45:00'),('0917 Sunnyside Road','05-3131109','2022-12-18','19:00:00','20:15:00'),('0917 Sunnyside Road','05-3131109','2022-12-19','15:45:00','16:15:00'),('0917 Sunnyside Road','05-3131109','2022-12-19','19:00:00','20:05:00'),('0917 Sunnyside Road','05-3131109','2022-12-22','16:30:00','17:15:00'),('0917 Sunnyside Road','05-3131109','2022-12-25','12:00:00','14:05:00'),('0917 Sunnyside Road','05-3131109','2022-12-26','10:45:00','12:45:00'),('0917 Sunnyside Road','05-3131109','2022-12-28','12:30:00','13:35:00'),('0917 Sunnyside Road','05-3131109','2022-12-30','09:45:00','10:25:00'),('0917 Sunnyside Road','05-3131109','2022-12-30','16:00:00','18:05:00'),('0917 Sunnyside Road','10-2759563','2022-12-07','10:45:00','11:15:00'),('0917 Sunnyside Road','10-2759563','2022-12-09','21:30:00','22:30:00'),('0917 Sunnyside Road','10-2759563','2022-12-11','13:30:00','14:15:00'),('0917 Sunnyside Road','10-2759563','2022-12-11','15:00:00','15:05:00'),('0917 Sunnyside Road','10-2759563','2022-12-14','18:45:00','19:25:00'),('0917 Sunnyside Road','10-2759563','2022-12-15','20:00:00','20:30:00'),('0917 Sunnyside Road','10-2759563','2022-12-18','10:00:00','10:45:00'),('0917 Sunnyside Road','10-2759563','2022-12-18','13:30:00','15:35:00'),('0917 Sunnyside Road','10-2759563','2022-12-20','15:00:00','15:40:00'),('0917 Sunnyside Road','10-2759563','2022-12-20','15:30:00','16:35:00'),('0917 Sunnyside Road','10-2759563','2022-12-21','09:30:00','10:45:00'),('0917 Sunnyside Road','10-2759563','2022-12-21','13:15:00','14:30:00'),('0917 Sunnyside Road','10-2759563','2022-12-21','20:45:00','21:25:00'),('0917 Sunnyside Road','10-2759563','2022-12-21','21:00:00','22:40:00'),('0917 Sunnyside Road','10-2759563','2022-12-24','16:30:00','17:45:00'),('0917 Sunnyside Road','10-2759563','2022-12-26','09:30:00','11:35:00'),('0917 Sunnyside Road','10-2759563','2022-12-27','14:00:00','14:05:00'),('0917 Sunnyside Road','10-2759563','2022-12-27','18:00:00','18:00:00'),('0917 Sunnyside Road','10-2759563','2022-12-29','15:30:00','16:10:00'),('0917 Sunnyside Road','10-3474386','2022-12-07','18:45:00','20:00:00'),('0917 Sunnyside Road','10-3474386','2022-12-07','20:15:00','20:55:00'),('0917 Sunnyside Road','10-3474386','2022-12-22','16:00:00','17:40:00'),('0917 Sunnyside Road','12-5474107','2022-12-02','11:15:00','11:15:00'),('0917 Sunnyside Road','12-5474107','2022-12-03','16:15:00','17:45:00'),('0917 Sunnyside Road','12-5474107','2022-12-08','16:15:00','17:15:00'),('0917 Sunnyside Road','12-5474107','2022-12-15','14:00:00','15:30:00'),('0917 Sunnyside Road','12-5474107','2022-12-17','14:30:00','15:45:00'),('0917 Sunnyside Road','12-5474107','2022-12-24','12:30:00','13:10:00'),('0917 Sunnyside Road','12-5474107','2022-12-24','16:15:00','17:55:00'),('0917 Sunnyside Road','12-5474107','2022-12-28','11:30:00','12:30:00'),('0917 Sunnyside Road','12-8634735','2022-12-03','12:15:00','12:00:00'),('0917 Sunnyside Road','12-8634735','2022-12-11','11:00:00','12:30:00'),('0917 Sunnyside Road','12-8634735','2022-12-16','11:00:00','12:05:00'),('0917 Sunnyside Road','12-8634735','2022-12-24','09:00:00','09:45:00'),('0917 Sunnyside Road','13-0400166','2022-12-07','18:45:00','19:30:00'),('0917 Sunnyside Road','13-0400166','2022-12-14','09:30:00','11:15:00'),('0917 Sunnyside Road','13-0400166','2022-12-16','15:30:00','16:10:00'),('0917 Sunnyside Road','13-0400166','2022-12-16','17:00:00','18:45:00'),('0917 Sunnyside Road','13-0400166','2022-12-17','19:15:00','20:20:00'),('0917 Sunnyside Road','13-0400166','2022-12-18','21:15:00','23:20:00'),('0917 Sunnyside Road','13-0400166','2022-12-23','17:45:00','18:00:00'),('0917 Sunnyside Road','13-0400166','2022-12-28','18:30:00','19:30:00'),('0917 Sunnyside Road','13-8445772','2022-12-02','09:15:00','10:20:00'),('0917 Sunnyside Road','13-8445772','2022-12-03','18:45:00','20:50:00'),('0917 Sunnyside Road','13-8445772','2022-12-07','18:00:00','19:40:00'),('0917 Sunnyside Road','13-8445772','2022-12-08','16:45:00','17:15:00'),('0917 Sunnyside Road','13-8445772','2022-12-08','19:00:00','20:45:00'),('0917 Sunnyside Road','13-8445772','2022-12-11','19:45:00','20:25:00'),('0917 Sunnyside Road','13-8445772','2022-12-15','13:00:00','13:15:00'),('0917 Sunnyside Road','13-8445772','2022-12-17','21:00:00','22:05:00'),('0917 Sunnyside Road','13-8445772','2022-12-20','19:45:00','21:25:00'),('0917 Sunnyside Road','13-8445772','2022-12-22','17:30:00','19:10:00'),('0917 Sunnyside Road','13-8445772','2022-12-28','09:00:00','11:05:00'),('0917 Sunnyside Road','13-8445772','2022-12-28','15:45:00','17:50:00'),('0917 Sunnyside Road','13-8445772','2022-12-29','11:30:00','12:35:00'),('0917 Sunnyside Road','14-8589359','2022-12-01','20:15:00','21:20:00'),('0917 Sunnyside Road','14-8589359','2022-12-08','16:15:00','16:00:00'),('0917 Sunnyside Road','14-8589359','2022-12-10','13:45:00','15:50:00'),('0917 Sunnyside Road','14-8589359','2022-12-12','10:00:00','10:40:00'),('0917 Sunnyside Road','14-8589359','2022-12-14','15:45:00','16:45:00'),('0917 Sunnyside Road','14-8589359','2022-12-15','11:45:00','13:50:00'),('0917 Sunnyside Road','14-8589359','2022-12-21','15:15:00','16:15:00'),('0917 Sunnyside Road','14-8589359','2022-12-23','19:45:00','20:50:00'),('0917 Sunnyside Road','14-8589359','2022-12-26','10:30:00','11:35:00'),('0917 Sunnyside Road','16-2023615','2022-12-14','15:00:00','16:30:00'),('0917 Sunnyside Road','16-2023615','2022-12-16','14:45:00','15:45:00'),('0917 Sunnyside Road','16-2023615','2022-12-29','18:15:00','20:45:00'),('0917 Sunnyside Road','16-9462353','2022-12-01','12:15:00','13:15:00'),('0917 Sunnyside Road','16-9462353','2022-12-04','19:00:00','19:15:00'),('0917 Sunnyside Road','16-9462353','2022-12-07','09:45:00','10:00:00'),('0917 Sunnyside Road','16-9462353','2022-12-07','14:15:00','15:20:00'),('0917 Sunnyside Road','16-9462353','2022-12-07','18:30:00','19:30:00'),('0917 Sunnyside Road','16-9462353','2022-12-21','15:15:00','16:20:00'),('0917 Sunnyside Road','16-9462353','2022-12-23','13:45:00','14:30:00'),('0917 Sunnyside Road','16-9462353','2022-12-26','15:30:00','16:30:00'),('0917 Sunnyside Road','18-6354030','2022-12-01','20:00:00','21:45:00'),('0917 Sunnyside Road','18-6354030','2022-12-05','20:00:00','20:40:00'),('0917 Sunnyside Road','18-6354030','2022-12-22','18:30:00','19:45:00'),('0917 Sunnyside Road','18-6354030','2022-12-28','12:00:00','13:05:00');
/*!40000 ALTER TABLE `workout` ENABLE KEYS */;
UNLOCK TABLES;

--
-- Final view structure for view `studentsperclass`
--

/*!50001 DROP VIEW IF EXISTS `studentsperclass`*/;
/*!50001 SET @saved_cs_client          = @@character_set_client */;
/*!50001 SET @saved_cs_results         = @@character_set_results */;
/*!50001 SET @saved_col_connection     = @@collation_connection */;
/*!50001 SET character_set_client      = utf8mb4 */;
/*!50001 SET character_set_results     = utf8mb4 */;
/*!50001 SET collation_connection      = utf8mb4_0900_ai_ci */;
/*!50001 CREATE ALGORITHM=UNDEFINED */
/*!50013 DEFINER=`root`@`localhost` SQL SECURITY DEFINER */
/*!50001 VIEW `studentsperclass` (`offeringID`,`instructorName`,`studentCount`) AS select `o`.`offeringID` AS `offeringID`,`i`.`name` AS `name`,count(0) AS `COUNT(*)` from ((`offering` `o` join `instructor` `i`) join `studentoffering` `s`) where ((`o`.`instructorID` = `i`.`instructorID`) and (`o`.`offeringID` = `s`.`offeringID`)) group by `o`.`offeringID` */;
/*!50001 SET character_set_client      = @saved_cs_client */;
/*!50001 SET character_set_results     = @saved_cs_results */;
/*!50001 SET collation_connection      = @saved_col_connection */;
/*!40103 SET TIME_ZONE=@OLD_TIME_ZONE */;

/*!40101 SET SQL_MODE=@OLD_SQL_MODE */;
/*!40014 SET FOREIGN_KEY_CHECKS=@OLD_FOREIGN_KEY_CHECKS */;
/*!40014 SET UNIQUE_CHECKS=@OLD_UNIQUE_CHECKS */;
/*!40101 SET CHARACTER_SET_CLIENT=@OLD_CHARACTER_SET_CLIENT */;
/*!40101 SET CHARACTER_SET_RESULTS=@OLD_CHARACTER_SET_RESULTS */;
/*!40101 SET COLLATION_CONNECTION=@OLD_COLLATION_CONNECTION */;
/*!40111 SET SQL_NOTES=@OLD_SQL_NOTES */;

-- Dump completed on 2022-12-05 21:57:04
